,# Triangles,Avg. Triangle Size,Image Resolution,CPUs,Raster Mode,HOM Enabled,Runtime (ms)
0,256,1e-06,256,1,0,0,114.225
1,256,1e-06,256,1,0,1,112.756
2,256,1e-06,256,1,1,0,0.022
3,256,1e-06,256,1,1,1,18.8516
4,256,1e-06,256,1,2,0,0.017638
5,256,1e-06,256,1,2,1,19.0093
6,256,1e-06,256,2,0,0,75.6677
7,256,1e-06,256,2,0,1,92.253
8,256,1e-06,256,2,1,0,0.106513
9,256,1e-06,256,2,1,1,21.5199
10,256,1e-06,256,2,2,0,0.107213
11,256,1e-06,256,2,2,1,23.3666
12,256,1e-06,256,4,0,0,41.6977
13,256,1e-06,256,4,0,1,60.9468
14,256,1e-06,256,4,1,0,0.142431
15,256,1e-06,256,4,1,1,17.296
16,256,1e-06,256,4,2,0,0.137684
17,256,1e-06,256,4,2,1,16.0168
18,256,1e-06,256,8,0,0,25.0117
19,256,1e-06,256,8,0,1,33.1868
20,256,1e-06,256,8,1,0,0.222301
21,256,1e-06,256,8,1,1,13.3133
22,256,1e-06,256,8,2,0,0.225828
23,256,1e-06,256,8,2,1,13.8691
24,256,1e-06,256,16,0,0,15.2647
25,256,1e-06,256,16,0,1,34.1805
26,256,1e-06,256,16,1,0,0.367772
27,256,1e-06,256,16,1,1,11.3171
28,256,1e-06,256,16,2,0,0.385733
29,256,1e-06,256,16,2,1,12.047
30,256,1e-06,256,32,0,0,17.7002
31,256,1e-06,256,32,0,1,36.1331
32,256,1e-06,256,32,1,0,3.4577
33,256,1e-06,256,32,1,1,17.0621
34,256,1e-06,256,32,2,0,2.94254
35,256,1e-06,256,32,2,1,18.1905
36,256,1e-06,256,64,0,0,18.0722
37,256,1e-06,256,64,0,1,59.6356
38,256,1e-06,256,64,1,0,10.6992
39,256,1e-06,256,64,1,1,47.8691
40,256,1e-06,256,64,2,0,9.32422
41,256,1e-06,256,64,2,1,41.681
42,256,1e-06,512,1,0,0,467.742
43,256,1e-06,512,1,0,1,376.383
44,256,1e-06,512,1,1,0,0.028131
45,256,1e-06,512,1,1,1,19.8139
46,256,1e-06,512,1,2,0,0.030106
47,256,1e-06,512,1,2,1,21.4672
48,256,1e-06,512,2,0,0,232.592
49,256,1e-06,512,2,0,1,263.825
50,256,1e-06,512,2,1,0,0.134549
51,256,1e-06,512,2,1,1,24.8566
52,256,1e-06,512,2,2,0,0.118827
53,256,1e-06,512,2,2,1,25.9925
54,256,1e-06,512,4,0,0,145.371
55,256,1e-06,512,4,0,1,177.446
56,256,1e-06,512,4,1,0,0.157897
57,256,1e-06,512,4,1,1,17.298
58,256,1e-06,512,4,2,0,0.147219
59,256,1e-06,512,4,2,1,17.4768
60,256,1e-06,512,8,0,0,77.4451
61,256,1e-06,512,8,0,1,103.705
62,256,1e-06,512,8,1,0,0.227176
63,256,1e-06,512,8,1,1,13.9062
64,256,1e-06,512,8,2,0,0.240508
65,256,1e-06,512,8,2,1,13.7685
66,256,1e-06,512,16,0,0,43.4462
67,256,1e-06,512,16,0,1,64.9486
68,256,1e-06,512,16,1,0,0.408198
69,256,1e-06,512,16,1,1,13.2646
70,256,1e-06,512,16,2,0,0.422017
71,256,1e-06,512,16,2,1,12.6789
72,256,1e-06,512,32,0,0,45.2817
73,256,1e-06,512,32,0,1,99.1144
74,256,1e-06,512,32,1,0,3.6974
75,256,1e-06,512,32,1,1,19.0795
76,256,1e-06,512,32,2,0,3.76951
77,256,1e-06,512,32,2,1,19.1224
78,256,1e-06,512,64,0,0,46.4968
79,256,1e-06,512,64,0,1,114.433
80,256,1e-06,512,64,1,0,11.2324
81,256,1e-06,512,64,1,1,41.3743
82,256,1e-06,512,64,2,0,13.0237
83,256,1e-06,512,64,2,1,41.4557
84,256,1e-06,1024,1,0,0,1470.43
85,256,1e-06,1024,1,0,1,1471.2
86,256,1e-06,1024,1,1,0,0.050871
87,256,1e-06,1024,1,1,1,21.5286
88,256,1e-06,1024,1,2,0,0.054978
89,256,1e-06,1024,1,2,1,21.0996
90,256,1e-06,1024,2,0,0,754.807
91,256,1e-06,1024,2,0,1,949.871
92,256,1e-06,1024,2,1,0,0.192608
93,256,1e-06,1024,2,1,1,25.1636
94,256,1e-06,1024,2,2,0,0.16745
95,256,1e-06,1024,2,2,1,21.6982
96,256,1e-06,1024,4,0,0,432.637
97,256,1e-06,1024,4,0,1,620.407
98,256,1e-06,1024,4,1,0,0.205962
99,256,1e-06,1024,4,1,1,17.2102
100,256,1e-06,1024,4,2,0,0.193768
101,256,1e-06,1024,4,2,1,18.0704
102,256,1e-06,1024,8,0,0,258.373
103,256,1e-06,1024,8,0,1,368.803
104,256,1e-06,1024,8,1,0,0.340087
105,256,1e-06,1024,8,1,1,14.5082
106,256,1e-06,1024,8,2,0,0.332123
107,256,1e-06,1024,8,2,1,13.6981
108,256,1e-06,1024,16,0,0,145.078
109,256,1e-06,1024,16,0,1,191.817
110,256,1e-06,1024,16,1,0,0.529239
111,256,1e-06,1024,16,1,1,13.1757
112,256,1e-06,1024,16,2,0,0.52155
113,256,1e-06,1024,16,2,1,14.4217
114,256,1e-06,1024,32,0,0,150.057
115,256,1e-06,1024,32,0,1,216.261
116,256,1e-06,1024,32,1,0,3.62286
117,256,1e-06,1024,32,1,1,17.2365
118,256,1e-06,1024,32,2,0,4.02678
119,256,1e-06,1024,32,2,1,20.3613
120,256,1e-06,1024,64,0,0,143.075
121,256,1e-06,1024,64,0,1,185.562
122,256,1e-06,1024,64,1,0,11.9244
123,256,1e-06,1024,64,1,1,47.2559
124,256,1e-06,1024,64,2,0,16.1347
125,256,1e-06,1024,64,2,1,46.1016
126,256,1e-06,2048,1,0,0,5620.92
127,256,1e-06,2048,1,0,1,6146.76
128,256,1e-06,2048,1,1,0,0.187898
129,256,1e-06,2048,1,1,1,19.8661
130,256,1e-06,2048,1,2,0,0.187402
131,256,1e-06,2048,1,2,1,20.1388
132,256,1e-06,2048,2,0,0,2870.0
133,256,1e-06,2048,2,0,1,3432.56
134,256,1e-06,2048,2,1,0,0.270771
135,256,1e-06,2048,2,1,1,22.4108
136,256,1e-06,2048,2,2,0,0.288769
137,256,1e-06,2048,2,2,1,24.1044
138,256,1e-06,2048,4,0,0,1549.18
139,256,1e-06,2048,4,0,1,1704.46
140,256,1e-06,2048,4,1,0,0.268788
141,256,1e-06,2048,4,1,1,18.4057
142,256,1e-06,2048,4,2,0,0.280245
143,256,1e-06,2048,4,2,1,17.5459
144,256,1e-06,2048,8,0,0,916.809
145,256,1e-06,2048,8,0,1,1137.97
146,256,1e-06,2048,8,1,0,0.373514
147,256,1e-06,2048,8,1,1,13.582
148,256,1e-06,2048,8,2,0,0.385485
149,256,1e-06,2048,8,2,1,13.7162
150,256,1e-06,2048,16,0,0,499.222
151,256,1e-06,2048,16,0,1,704.304
152,256,1e-06,2048,16,1,0,0.577409
153,256,1e-06,2048,16,1,1,12.7307
154,256,1e-06,2048,16,2,0,0.578267
155,256,1e-06,2048,16,2,1,13.4254
156,256,1e-06,2048,32,0,0,494.852
157,256,1e-06,2048,32,0,1,979.223
158,256,1e-06,2048,32,1,0,2.36079
159,256,1e-06,2048,32,1,1,18.9104
160,256,1e-06,2048,32,2,0,3.66463
161,256,1e-06,2048,32,2,1,18.4561
162,256,1e-06,2048,64,0,0,270.651
163,256,1e-06,2048,64,0,1,776.971
164,256,1e-06,2048,64,1,0,15.109
165,256,1e-06,2048,64,1,1,43.875
166,256,1e-06,2048,64,2,0,9.06575
167,256,1e-06,2048,64,2,1,43.1463
168,256,0.0001,256,1,0,0,91.9106
169,256,0.0001,256,1,0,1,172.562
170,256,0.0001,256,1,1,0,0.087175
171,256,0.0001,256,1,1,1,22.4359
172,256,0.0001,256,1,2,0,0.095693
173,256,0.0001,256,1,2,1,29.3456
174,256,0.0001,256,2,0,0,73.6917
175,256,0.0001,256,2,0,1,111.177
176,256,0.0001,256,2,1,0,0.215665
177,256,0.0001,256,2,1,1,24.854
178,256,0.0001,256,2,2,0,0.174305
179,256,0.0001,256,2,2,1,24.17
180,256,0.0001,256,4,0,0,42.1838
181,256,0.0001,256,4,0,1,67.2643
182,256,0.0001,256,4,1,0,0.167662
183,256,0.0001,256,4,1,1,16.1502
184,256,0.0001,256,4,2,0,0.156333
185,256,0.0001,256,4,2,1,18.3176
186,256,0.0001,256,8,0,0,25.2494
187,256,0.0001,256,8,0,1,32.9069
188,256,0.0001,256,8,1,0,0.253519
189,256,0.0001,256,8,1,1,12.906
190,256,0.0001,256,8,2,0,0.257861
191,256,0.0001,256,8,2,1,12.628
192,256,0.0001,256,16,0,0,15.8617
193,256,0.0001,256,16,0,1,35.153
194,256,0.0001,256,16,1,0,0.397534
195,256,0.0001,256,16,1,1,12.8105
196,256,0.0001,256,16,2,0,0.445411
197,256,0.0001,256,16,2,1,12.1699
198,256,0.0001,256,32,0,0,17.5429
199,256,0.0001,256,32,0,1,28.8999
200,256,0.0001,256,32,1,0,3.54328
201,256,0.0001,256,32,1,1,18.8463
202,256,0.0001,256,32,2,0,3.63106
203,256,0.0001,256,32,2,1,19.3795
204,256,0.0001,256,64,0,0,24.1188
205,256,0.0001,256,64,0,1,55.0087
206,256,0.0001,256,64,1,0,8.77487
207,256,0.0001,256,64,1,1,43.2875
208,256,0.0001,256,64,2,0,10.9734
209,256,0.0001,256,64,2,1,47.5755
210,256,0.0001,512,1,0,0,520.737
211,256,0.0001,512,1,0,1,498.443
212,256,0.0001,512,1,1,0,0.224449
213,256,0.0001,512,1,1,1,20.1039
214,256,0.0001,512,1,2,0,0.190689
215,256,0.0001,512,1,2,1,30.7156
216,256,0.0001,512,2,0,0,241.649
217,256,0.0001,512,2,0,1,302.07
218,256,0.0001,512,2,1,0,0.4035
219,256,0.0001,512,2,1,1,26.2363
220,256,0.0001,512,2,2,0,0.364636
221,256,0.0001,512,2,2,1,26.3853
222,256,0.0001,512,4,0,0,138.462
223,256,0.0001,512,4,0,1,193.293
224,256,0.0001,512,4,1,0,0.332886
225,256,0.0001,512,4,1,1,17.5368
226,256,0.0001,512,4,2,0,0.279792
227,256,0.0001,512,4,2,1,18.3771
228,256,0.0001,512,8,0,0,76.7049
229,256,0.0001,512,8,0,1,138.55
230,256,0.0001,512,8,1,0,0.302641
231,256,0.0001,512,8,1,1,14.2732
232,256,0.0001,512,8,2,0,0.319101
233,256,0.0001,512,8,2,1,14.7351
234,256,0.0001,512,16,0,0,41.4951
235,256,0.0001,512,16,0,1,68.6356
236,256,0.0001,512,16,1,0,0.471438
237,256,0.0001,512,16,1,1,13.5905
238,256,0.0001,512,16,2,0,0.46717
239,256,0.0001,512,16,2,1,13.4597
240,256,0.0001,512,32,0,0,44.0584
241,256,0.0001,512,32,0,1,97.9366
242,256,0.0001,512,32,1,0,3.72161
243,256,0.0001,512,32,1,1,19.5214
244,256,0.0001,512,32,2,0,3.93727
245,256,0.0001,512,32,2,1,20.2389
246,256,0.0001,512,64,0,0,43.753
247,256,0.0001,512,64,0,1,116.835
248,256,0.0001,512,64,1,0,12.3039
249,256,0.0001,512,64,1,1,54.7675
250,256,0.0001,512,64,2,0,14.9722
251,256,0.0001,512,64,2,1,53.4563
252,256,0.0001,1024,1,0,0,1464.84
253,256,0.0001,1024,1,0,1,1481.25
254,256,0.0001,1024,1,1,0,1.24922
255,256,0.0001,1024,1,1,1,21.9221
256,256,0.0001,1024,1,2,0,1.01528
257,256,0.0001,1024,1,2,1,20.7198
258,256,0.0001,1024,2,0,0,761.803
259,256,0.0001,1024,2,0,1,968.235
260,256,0.0001,1024,2,1,0,1.27163
261,256,0.0001,1024,2,1,1,18.0311
262,256,0.0001,1024,2,2,0,1.09676
263,256,0.0001,1024,2,2,1,20.8242
264,256,0.0001,1024,4,0,0,435.82
265,256,0.0001,1024,4,0,1,514.714
266,256,0.0001,1024,4,1,0,0.874455
267,256,0.0001,1024,4,1,1,18.5815
268,256,0.0001,1024,4,2,0,0.738122
269,256,0.0001,1024,4,2,1,17.4396
270,256,0.0001,1024,8,0,0,263.052
271,256,0.0001,1024,8,0,1,317.243
272,256,0.0001,1024,8,1,0,0.676183
273,256,0.0001,1024,8,1,1,14.3454
274,256,0.0001,1024,8,2,0,0.619627
275,256,0.0001,1024,8,2,1,14.9174
276,256,0.0001,1024,16,0,0,145.984
277,256,0.0001,1024,16,0,1,207.443
278,256,0.0001,1024,16,1,0,0.732955
279,256,0.0001,1024,16,1,1,12.8229
280,256,0.0001,1024,16,2,0,0.703289
281,256,0.0001,1024,16,2,1,13.4564
282,256,0.0001,1024,32,0,0,150.474
283,256,0.0001,1024,32,0,1,219.416
284,256,0.0001,1024,32,1,0,3.59613
285,256,0.0001,1024,32,1,1,22.9055
286,256,0.0001,1024,32,2,0,3.74249
287,256,0.0001,1024,32,2,1,21.2379
288,256,0.0001,1024,64,0,0,120.646
289,256,0.0001,1024,64,0,1,195.395
290,256,0.0001,1024,64,1,0,8.4475
291,256,0.0001,1024,64,1,1,41.1906
292,256,0.0001,1024,64,2,0,10.5643
293,256,0.0001,1024,64,2,1,46.0548
294,256,0.0001,2048,1,0,0,5645.62
295,256,0.0001,2048,1,0,1,5850.9
296,256,0.0001,2048,1,1,0,5.17631
297,256,0.0001,2048,1,1,1,25.331
298,256,0.0001,2048,1,2,0,3.94471
299,256,0.0001,2048,1,2,1,27.283
300,256,0.0001,2048,2,0,0,2881.69
301,256,0.0001,2048,2,0,1,3117.18
302,256,0.0001,2048,2,1,0,4.72017
303,256,0.0001,2048,2,1,1,26.9191
304,256,0.0001,2048,2,2,0,3.57339
305,256,0.0001,2048,2,2,1,24.9331
306,256,0.0001,2048,4,0,0,1555.16
307,256,0.0001,2048,4,0,1,1748.89
308,256,0.0001,2048,4,1,0,2.58767
309,256,0.0001,2048,4,1,1,19.5786
310,256,0.0001,2048,4,2,0,1.91432
311,256,0.0001,2048,4,2,1,17.8902
312,256,0.0001,2048,8,0,0,904.783
313,256,0.0001,2048,8,0,1,1082.77
314,256,0.0001,2048,8,1,0,1.51566
315,256,0.0001,2048,8,1,1,15.6413
316,256,0.0001,2048,8,2,0,1.27288
317,256,0.0001,2048,8,2,1,15.4299
318,256,0.0001,2048,16,0,0,493.931
319,256,0.0001,2048,16,0,1,702.005
320,256,0.0001,2048,16,1,0,1.21234
321,256,0.0001,2048,16,1,1,12.8265
322,256,0.0001,2048,16,2,0,1.07173
323,256,0.0001,2048,16,2,1,13.333
324,256,0.0001,2048,32,0,0,489.673
325,256,0.0001,2048,32,0,1,661.838
326,256,0.0001,2048,32,1,0,2.72091
327,256,0.0001,2048,32,1,1,19.4885
328,256,0.0001,2048,32,2,0,3.95961
329,256,0.0001,2048,32,2,1,18.6604
330,256,0.0001,2048,64,0,0,309.203
331,256,0.0001,2048,64,0,1,509.474
332,256,0.0001,2048,64,1,0,10.2036
333,256,0.0001,2048,64,1,1,45.4608
334,256,0.0001,2048,64,2,0,13.0758
335,256,0.0001,2048,64,2,1,50.1114
336,256,0.01,256,1,0,0,141.806
337,256,0.01,256,1,0,1,156.32
338,256,0.01,256,1,1,0,4.27928
339,256,0.01,256,1,1,1,34.1231
340,256,0.01,256,1,2,0,2.18643
341,256,0.01,256,1,2,1,32.1835
342,256,0.01,256,2,0,0,78.586
343,256,0.01,256,2,0,1,89.9544
344,256,0.01,256,2,1,0,3.38566
345,256,0.01,256,2,1,1,30.4274
346,256,0.01,256,2,2,0,2.66879
347,256,0.01,256,2,2,1,25.0906
348,256,0.01,256,4,0,0,42.7058
349,256,0.01,256,4,0,1,66.8016
350,256,0.01,256,4,1,0,2.28777
351,256,0.01,256,4,1,1,18.3743
352,256,0.01,256,4,2,0,1.42032
353,256,0.01,256,4,2,1,18.8897
354,256,0.01,256,8,0,0,26.9207
355,256,0.01,256,8,0,1,37.9523
356,256,0.01,256,8,1,0,1.44975
357,256,0.01,256,8,1,1,15.2316
358,256,0.01,256,8,2,0,0.909604
359,256,0.01,256,8,2,1,13.7748
360,256,0.01,256,16,0,0,16.8567
361,256,0.01,256,16,0,1,36.6449
362,256,0.01,256,16,1,0,1.01838
363,256,0.01,256,16,1,1,14.3035
364,256,0.01,256,16,2,0,0.895526
365,256,0.01,256,16,2,1,14.4214
366,256,0.01,256,32,0,0,16.9617
367,256,0.01,256,32,0,1,31.6748
368,256,0.01,256,32,1,0,3.50516
369,256,0.01,256,32,1,1,20.1409
370,256,0.01,256,32,2,0,3.8155
371,256,0.01,256,32,2,1,18.9442
372,256,0.01,256,64,0,0,21.9929
373,256,0.01,256,64,0,1,52.0899
374,256,0.01,256,64,1,0,12.0726
375,256,0.01,256,64,1,1,52.2169
376,256,0.01,256,64,2,0,10.9837
377,256,0.01,256,64,2,1,53.634
378,256,0.01,512,1,0,0,442.631
379,256,0.01,512,1,0,1,472.691
380,256,0.01,512,1,1,0,11.7848
381,256,0.01,512,1,1,1,33.8696
382,256,0.01,512,1,2,0,5.74632
383,256,0.01,512,1,2,1,27.7002
384,256,0.01,512,2,0,0,191.167
385,256,0.01,512,2,0,1,219.572
386,256,0.01,512,2,1,0,10.571
387,256,0.01,512,2,1,1,37.6888
388,256,0.01,512,2,2,0,7.59884
389,256,0.01,512,2,2,1,30.9257
390,256,0.01,512,4,0,0,149.057
391,256,0.01,512,4,0,1,162.247
392,256,0.01,512,4,1,0,8.18001
393,256,0.01,512,4,1,1,21.2667
394,256,0.01,512,4,2,0,4.49755
395,256,0.01,512,4,2,1,19.151
396,256,0.01,512,8,0,0,78.9138
397,256,0.01,512,8,0,1,138.853
398,256,0.01,512,8,1,0,4.72149
399,256,0.01,512,8,1,1,17.193
400,256,0.01,512,8,2,0,2.55919
401,256,0.01,512,8,2,1,15.8676
402,256,0.01,512,16,0,0,43.535
403,256,0.01,512,16,0,1,106.102
404,256,0.01,512,16,1,0,2.72176
405,256,0.01,512,16,1,1,13.9395
406,256,0.01,512,16,2,0,1.76946
407,256,0.01,512,16,2,1,13.9886
408,256,0.01,512,32,0,0,45.1705
409,256,0.01,512,32,0,1,72.1217
410,256,0.01,512,32,1,0,6.43164
411,256,0.01,512,32,1,1,20.9934
412,256,0.01,512,32,2,0,4.75283
413,256,0.01,512,32,2,1,21.0274
414,256,0.01,512,64,0,0,48.9384
415,256,0.01,512,64,0,1,112.048
416,256,0.01,512,64,1,0,14.195
417,256,0.01,512,64,1,1,61.2771
418,256,0.01,512,64,2,0,13.2532
419,256,0.01,512,64,2,1,65.2713
420,256,0.01,1024,1,0,0,1536.47
421,256,0.01,1024,1,0,1,1644.27
422,256,0.01,1024,1,1,0,74.9457
423,256,0.01,1024,1,1,1,119.154
424,256,0.01,1024,1,2,0,25.9355
425,256,0.01,1024,1,2,1,49.4928
426,256,0.01,1024,2,0,0,791.325
427,256,0.01,1024,2,0,1,1025.83
428,256,0.01,1024,2,1,0,55.7321
429,256,0.01,1024,2,1,1,77.9508
430,256,0.01,1024,2,2,0,20.1385
431,256,0.01,1024,2,2,1,46.7377
432,256,0.01,1024,4,0,0,453.195
433,256,0.01,1024,4,0,1,573.64
434,256,0.01,1024,4,1,0,29.9347
435,256,0.01,1024,4,1,1,48.1153
436,256,0.01,1024,4,2,0,15.2004
437,256,0.01,1024,4,2,1,29.4849
438,256,0.01,1024,8,0,0,272.784
439,256,0.01,1024,8,0,1,337.762
440,256,0.01,1024,8,1,0,18.7387
441,256,0.01,1024,8,1,1,31.2432
442,256,0.01,1024,8,2,0,9.35717
443,256,0.01,1024,8,2,1,20.2349
444,256,0.01,1024,16,0,0,152.592
445,256,0.01,1024,16,0,1,297.06
446,256,0.01,1024,16,1,0,11.375
447,256,0.01,1024,16,1,1,24.5443
448,256,0.01,1024,16,2,0,5.83072
449,256,0.01,1024,16,2,1,17.6765
450,256,0.01,1024,32,0,0,152.952
451,256,0.01,1024,32,0,1,241.939
452,256,0.01,1024,32,1,0,15.6775
453,256,0.01,1024,32,1,1,27.6919
454,256,0.01,1024,32,2,0,8.27541
455,256,0.01,1024,32,2,1,22.2039
456,256,0.01,1024,64,0,0,126.739
457,256,0.01,1024,64,0,1,358.397
458,256,0.01,1024,64,1,0,20.3284
459,256,0.01,1024,64,1,1,45.671
460,256,0.01,1024,64,2,0,14.2473
461,256,0.01,1024,64,2,1,53.3639
462,256,0.01,2048,1,0,0,6027.94
463,256,0.01,2048,1,0,1,6356.49
464,256,0.01,2048,1,1,0,394.91
465,256,0.01,2048,1,1,1,539.452
466,256,0.01,2048,1,2,0,98.008
467,256,0.01,2048,1,2,1,131.805
468,256,0.01,2048,2,0,0,3176.78
469,256,0.01,2048,2,0,1,3801.28
470,256,0.01,2048,2,1,0,232.692
471,256,0.01,2048,2,1,1,320.959
472,256,0.01,2048,2,2,0,74.4683
473,256,0.01,2048,2,2,1,112.311
474,256,0.01,2048,4,0,0,1717.44
475,256,0.01,2048,4,0,1,1920.84
476,256,0.01,2048,4,1,0,131.021
477,256,0.01,2048,4,1,1,188.718
478,256,0.01,2048,4,2,0,43.3846
479,256,0.01,2048,4,2,1,65.7211
480,256,0.01,2048,8,0,0,949.416
481,256,0.01,2048,8,0,1,1204.9
482,256,0.01,2048,8,1,0,73.0855
483,256,0.01,2048,8,1,1,111.222
484,256,0.01,2048,8,2,0,28.1773
485,256,0.01,2048,8,2,1,41.5906
486,256,0.01,2048,16,0,0,526.354
487,256,0.01,2048,16,0,1,777.817
488,256,0.01,2048,16,1,0,39.5165
489,256,0.01,2048,16,1,1,81.2214
490,256,0.01,2048,16,2,0,23.3491
491,256,0.01,2048,16,2,1,32.8172
492,256,0.01,2048,32,0,0,505.019
493,256,0.01,2048,32,0,1,743.983
494,256,0.01,2048,32,1,0,39.578
495,256,0.01,2048,32,1,1,71.2831
496,256,0.01,2048,32,2,0,26.0903
497,256,0.01,2048,32,2,1,34.2754
498,256,0.01,2048,64,0,0,318.051
499,256,0.01,2048,64,0,1,900.262
500,256,0.01,2048,64,1,0,38.3214
501,256,0.01,2048,64,1,1,75.103
502,256,0.01,2048,64,2,0,30.9071
503,256,0.01,2048,64,2,1,72.9496
504,2048,1e-06,256,1,0,0,755.522
505,2048,1e-06,256,1,0,1,873.703
506,2048,1e-06,256,1,1,0,0.086312
507,2048,1e-06,256,1,1,1,151.429
508,2048,1e-06,256,1,2,0,0.119143
509,2048,1e-06,256,1,2,1,150.794
510,2048,1e-06,256,2,0,0,462.012
511,2048,1e-06,256,2,0,1,476.169
512,2048,1e-06,256,2,1,0,0.136678
513,2048,1e-06,256,2,1,1,114.434
514,2048,1e-06,256,2,2,0,0.126492
515,2048,1e-06,256,2,2,1,111.352
516,2048,1e-06,256,4,0,0,235.394
517,2048,1e-06,256,4,0,1,271.579
518,2048,1e-06,256,4,1,0,0.138402
519,2048,1e-06,256,4,1,1,97.042
520,2048,1e-06,256,4,2,0,0.180343
521,2048,1e-06,256,4,2,1,76.369
522,2048,1e-06,256,8,0,0,145.68
523,2048,1e-06,256,8,0,1,201.315
524,2048,1e-06,256,8,1,0,0.262491
525,2048,1e-06,256,8,1,1,56.5756
526,2048,1e-06,256,8,2,0,0.263619
527,2048,1e-06,256,8,2,1,56.1652
528,2048,1e-06,256,16,0,0,77.7069
529,2048,1e-06,256,16,0,1,97.6801
530,2048,1e-06,256,16,1,0,0.409782
531,2048,1e-06,256,16,1,1,44.7059
532,2048,1e-06,256,16,2,0,0.386402
533,2048,1e-06,256,16,2,1,44.1354
534,2048,1e-06,256,32,0,0,74.878
535,2048,1e-06,256,32,0,1,97.6953
536,2048,1e-06,256,32,1,0,2.67004
537,2048,1e-06,256,32,1,1,42.1262
538,2048,1e-06,256,32,2,0,2.84003
539,2048,1e-06,256,32,2,1,40.303
540,2048,1e-06,256,64,0,0,62.8362
541,2048,1e-06,256,64,0,1,90.3188
542,2048,1e-06,256,64,1,0,9.01442
543,2048,1e-06,256,64,1,1,66.2181
544,2048,1e-06,256,64,2,0,8.26594
545,2048,1e-06,256,64,2,1,64.9028
546,2048,1e-06,512,1,0,0,2827.92
547,2048,1e-06,512,1,0,1,3054.46
548,2048,1e-06,512,1,1,0,0.118353
549,2048,1e-06,512,1,1,1,155.569
550,2048,1e-06,512,1,2,0,0.107761
551,2048,1e-06,512,1,2,1,188.646
552,2048,1e-06,512,2,0,0,1496.42
553,2048,1e-06,512,2,0,1,1610.03
554,2048,1e-06,512,2,1,0,0.271585
555,2048,1e-06,512,2,1,1,155.112
556,2048,1e-06,512,2,2,0,0.226408
557,2048,1e-06,512,2,2,1,137.766
558,2048,1e-06,512,4,0,0,844.819
559,2048,1e-06,512,4,0,1,909.529
560,2048,1e-06,512,4,1,0,0.208426
561,2048,1e-06,512,4,1,1,76.2457
562,2048,1e-06,512,4,2,0,0.187252
563,2048,1e-06,512,4,2,1,91.0816
564,2048,1e-06,512,8,0,0,470.888
565,2048,1e-06,512,8,0,1,519.203
566,2048,1e-06,512,8,1,0,0.290595
567,2048,1e-06,512,8,1,1,55.9217
568,2048,1e-06,512,8,2,0,0.289859
569,2048,1e-06,512,8,2,1,54.9752
570,2048,1e-06,512,16,0,0,259.319
571,2048,1e-06,512,16,0,1,273.038
572,2048,1e-06,512,16,1,0,0.441913
573,2048,1e-06,512,16,1,1,42.7945
574,2048,1e-06,512,16,2,0,0.43248
575,2048,1e-06,512,16,2,1,41.9989
576,2048,1e-06,512,32,0,0,238.965
577,2048,1e-06,512,32,0,1,266.978
578,2048,1e-06,512,32,1,0,4.36745
579,2048,1e-06,512,32,1,1,43.114
580,2048,1e-06,512,32,2,0,4.15631
581,2048,1e-06,512,32,2,1,44.7276
582,2048,1e-06,512,64,0,0,173.243
583,2048,1e-06,512,64,0,1,210.725
584,2048,1e-06,512,64,1,0,14.5001
585,2048,1e-06,512,64,1,1,87.1393
586,2048,1e-06,512,64,2,0,12.7801
587,2048,1e-06,512,64,2,1,93.523
588,2048,1e-06,1024,1,0,0,11337.9
589,2048,1e-06,1024,1,0,1,11482.1
590,2048,1e-06,1024,1,1,0,0.374657
591,2048,1e-06,1024,1,1,1,172.975
592,2048,1e-06,1024,1,2,0,0.323751
593,2048,1e-06,1024,1,2,1,150.522
594,2048,1e-06,1024,2,0,0,5694.35
595,2048,1e-06,1024,2,0,1,5932.18
596,2048,1e-06,1024,2,1,0,0.536589
597,2048,1e-06,1024,2,1,1,151.536
598,2048,1e-06,1024,2,2,0,0.471644
599,2048,1e-06,1024,2,2,1,122.723
600,2048,1e-06,1024,4,0,0,2950.66
601,2048,1e-06,1024,4,0,1,3179.88
602,2048,1e-06,1024,4,1,0,0.385511
603,2048,1e-06,1024,4,1,1,94.5298
604,2048,1e-06,1024,4,2,0,0.368533
605,2048,1e-06,1024,4,2,1,94.2936
606,2048,1e-06,1024,8,0,0,1701.53
607,2048,1e-06,1024,8,0,1,1896.85
608,2048,1e-06,1024,8,1,0,0.443726
609,2048,1e-06,1024,8,1,1,63.552
610,2048,1e-06,1024,8,2,0,0.453245
611,2048,1e-06,1024,8,2,1,62.3423
612,2048,1e-06,1024,16,0,0,946.956
613,2048,1e-06,1024,16,0,1,989.519
614,2048,1e-06,1024,16,1,0,0.580782
615,2048,1e-06,1024,16,1,1,42.2586
616,2048,1e-06,1024,16,2,0,0.598014
617,2048,1e-06,1024,16,2,1,42.3266
618,2048,1e-06,1024,32,0,0,938.358
619,2048,1e-06,1024,32,0,1,942.796
620,2048,1e-06,1024,32,1,0,3.80776
621,2048,1e-06,1024,32,1,1,41.7713
622,2048,1e-06,1024,32,2,0,4.16365
623,2048,1e-06,1024,32,2,1,43.7587
624,2048,1e-06,1024,64,0,0,546.55
625,2048,1e-06,1024,64,0,1,557.5
626,2048,1e-06,1024,64,1,0,12.9873
627,2048,1e-06,1024,64,1,1,58.6776
628,2048,1e-06,1024,64,2,0,13.152
629,2048,1e-06,1024,64,2,1,84.6099
630,2048,1e-06,2048,1,0,0,45025.8
631,2048,1e-06,2048,1,0,1,45413.1
632,2048,1e-06,2048,1,1,0,1.20517
633,2048,1e-06,2048,1,1,1,150.688
634,2048,1e-06,2048,1,2,0,1.19562
635,2048,1e-06,2048,1,2,1,152.535
636,2048,1e-06,2048,2,0,0,22575.2
637,2048,1e-06,2048,2,0,1,22716.7
638,2048,1e-06,2048,2,1,0,1.17451
639,2048,1e-06,2048,2,1,1,145.217
640,2048,1e-06,2048,2,2,0,1.12389
641,2048,1e-06,2048,2,2,1,124.831
642,2048,1e-06,2048,4,0,0,11497.2
643,2048,1e-06,2048,4,0,1,11721.1
644,2048,1e-06,2048,4,1,0,0.707397
645,2048,1e-06,2048,4,1,1,97.0682
646,2048,1e-06,2048,4,2,0,0.719123
647,2048,1e-06,2048,4,2,1,96.2999
648,2048,1e-06,2048,8,0,0,6370.65
649,2048,1e-06,2048,8,0,1,6574.4
650,2048,1e-06,2048,8,1,0,0.60048
651,2048,1e-06,2048,8,1,1,64.5844
652,2048,1e-06,2048,8,2,0,0.609903
653,2048,1e-06,2048,8,2,1,63.8241
654,2048,1e-06,2048,16,0,0,3673.29
655,2048,1e-06,2048,16,0,1,3896.26
656,2048,1e-06,2048,16,1,0,0.656704
657,2048,1e-06,2048,16,1,1,44.6164
658,2048,1e-06,2048,16,2,0,0.711057
659,2048,1e-06,2048,16,2,1,44.695
660,2048,1e-06,2048,32,0,0,3329.21
661,2048,1e-06,2048,32,0,1,3669.22
662,2048,1e-06,2048,32,1,0,2.88985
663,2048,1e-06,2048,32,1,1,43.4547
664,2048,1e-06,2048,32,2,0,4.18103
665,2048,1e-06,2048,32,2,1,46.8564
666,2048,1e-06,2048,64,0,0,1950.21
667,2048,1e-06,2048,64,0,1,2054.18
668,2048,1e-06,2048,64,1,0,10.1938
669,2048,1e-06,2048,64,1,1,62.914
670,2048,1e-06,2048,64,2,0,14.4136
671,2048,1e-06,2048,64,2,1,64.3589
672,2048,0.0001,256,1,0,0,771.328
673,2048,0.0001,256,1,0,1,876.378
674,2048,0.0001,256,1,1,0,0.8319
675,2048,0.0001,256,1,1,1,153.343
676,2048,0.0001,256,1,2,0,0.790176
677,2048,0.0001,256,1,2,1,152.87
678,2048,0.0001,256,2,0,0,462.91
679,2048,0.0001,256,2,0,1,532.908
680,2048,0.0001,256,2,1,0,0.902218
681,2048,0.0001,256,2,1,1,153.559
682,2048,0.0001,256,2,2,0,0.859997
683,2048,0.0001,256,2,2,1,142.685
684,2048,0.0001,256,4,0,0,246.978
685,2048,0.0001,256,4,0,1,345.881
686,2048,0.0001,256,4,1,0,0.434745
687,2048,0.0001,256,4,1,1,89.9231
688,2048,0.0001,256,4,2,0,0.527505
689,2048,0.0001,256,4,2,1,91.7049
690,2048,0.0001,256,8,0,0,143.391
691,2048,0.0001,256,8,0,1,219.946
692,2048,0.0001,256,8,1,0,0.439649
693,2048,0.0001,256,8,1,1,64.0377
694,2048,0.0001,256,8,2,0,0.393966
695,2048,0.0001,256,8,2,1,56.1049
696,2048,0.0001,256,16,0,0,76.3697
697,2048,0.0001,256,16,0,1,108.33
698,2048,0.0001,256,16,1,0,0.487396
699,2048,0.0001,256,16,1,1,45.1026
700,2048,0.0001,256,16,2,0,0.505814
701,2048,0.0001,256,16,2,1,44.5036
702,2048,0.0001,256,32,0,0,76.1162
703,2048,0.0001,256,32,0,1,106.24
704,2048,0.0001,256,32,1,0,2.73957
705,2048,0.0001,256,32,1,1,42.5634
706,2048,0.0001,256,32,2,0,3.54826
707,2048,0.0001,256,32,2,1,44.7764
708,2048,0.0001,256,64,0,0,64.9603
709,2048,0.0001,256,64,0,1,157.395
710,2048,0.0001,256,64,1,0,16.5103
711,2048,0.0001,256,64,1,1,69.6207
712,2048,0.0001,256,64,2,0,13.6524
713,2048,0.0001,256,64,2,1,65.5895
714,2048,0.0001,512,1,0,0,2932.89
715,2048,0.0001,512,1,0,1,3060.1
716,2048,0.0001,512,1,1,0,1.61438
717,2048,0.0001,512,1,1,1,159.902
718,2048,0.0001,512,1,2,0,1.41296
719,2048,0.0001,512,1,2,1,209.531
720,2048,0.0001,512,2,0,0,1500.57
721,2048,0.0001,512,2,0,1,1623.07
722,2048,0.0001,512,2,1,0,2.39961
723,2048,0.0001,512,2,1,1,157.704
724,2048,0.0001,512,2,2,0,2.01538
725,2048,0.0001,512,2,2,1,125.171
726,2048,0.0001,512,4,0,0,856.547
727,2048,0.0001,512,4,0,1,954.081
728,2048,0.0001,512,4,1,0,0.988852
729,2048,0.0001,512,4,1,1,91.6475
730,2048,0.0001,512,4,2,0,1.09342
731,2048,0.0001,512,4,2,1,92.0019
732,2048,0.0001,512,8,0,0,471.525
733,2048,0.0001,512,8,0,1,506.006
734,2048,0.0001,512,8,1,0,0.795438
735,2048,0.0001,512,8,1,1,56.17
736,2048,0.0001,512,8,2,0,0.709433
737,2048,0.0001,512,8,2,1,55.683
738,2048,0.0001,512,16,0,0,258.198
739,2048,0.0001,512,16,0,1,322.503
740,2048,0.0001,512,16,1,0,0.720602
741,2048,0.0001,512,16,1,1,41.7781
742,2048,0.0001,512,16,2,0,0.690008
743,2048,0.0001,512,16,2,1,43.9197
744,2048,0.0001,512,32,0,0,235.781
745,2048,0.0001,512,32,0,1,298.169
746,2048,0.0001,512,32,1,0,4.00129
747,2048,0.0001,512,32,1,1,41.74
748,2048,0.0001,512,32,2,0,3.75526
749,2048,0.0001,512,32,2,1,40.4284
750,2048,0.0001,512,64,0,0,180.158
751,2048,0.0001,512,64,0,1,216.852
752,2048,0.0001,512,64,1,0,12.8506
753,2048,0.0001,512,64,1,1,68.998
754,2048,0.0001,512,64,2,0,10.308
755,2048,0.0001,512,64,2,1,71.9316
756,2048,0.0001,1024,1,0,0,11266.8
757,2048,0.0001,1024,1,0,1,11469.8
758,2048,0.0001,1024,1,1,0,10.0199
759,2048,0.0001,1024,1,1,1,161.778
760,2048,0.0001,1024,1,2,0,7.17435
761,2048,0.0001,1024,1,2,1,157.964
762,2048,0.0001,1024,2,0,0,5800.97
763,2048,0.0001,1024,2,0,1,5996.02
764,2048,0.0001,1024,2,1,0,6.90813
765,2048,0.0001,1024,2,1,1,148.663
766,2048,0.0001,1024,2,2,0,6.17889
767,2048,0.0001,1024,2,2,1,147.946
768,2048,0.0001,1024,4,0,0,3023.76
769,2048,0.0001,1024,4,0,1,3155.89
770,2048,0.0001,1024,4,1,0,5.11512
771,2048,0.0001,1024,4,1,1,97.9617
772,2048,0.0001,1024,4,2,0,3.88157
773,2048,0.0001,1024,4,2,1,96.5744
774,2048,0.0001,1024,8,0,0,1749.78
775,2048,0.0001,1024,8,0,1,1844.99
776,2048,0.0001,1024,8,1,0,2.46183
777,2048,0.0001,1024,8,1,1,57.5608
778,2048,0.0001,1024,8,2,0,2.12702
779,2048,0.0001,1024,8,2,1,61.0223
780,2048,0.0001,1024,16,0,0,943.374
781,2048,0.0001,1024,16,0,1,1018.98
782,2048,0.0001,1024,16,1,0,1.79496
783,2048,0.0001,1024,16,1,1,47.2506
784,2048,0.0001,1024,16,2,0,1.49987
785,2048,0.0001,1024,16,2,1,42.7871
786,2048,0.0001,1024,32,0,0,926.438
787,2048,0.0001,1024,32,0,1,997.955
788,2048,0.0001,1024,32,1,0,4.52877
789,2048,0.0001,1024,32,1,1,46.3729
790,2048,0.0001,1024,32,2,0,5.5198
791,2048,0.0001,1024,32,2,1,46.8748
792,2048,0.0001,1024,64,0,0,566.179
793,2048,0.0001,1024,64,0,1,577.301
794,2048,0.0001,1024,64,1,0,15.6611
795,2048,0.0001,1024,64,1,1,66.3068
796,2048,0.0001,1024,64,2,0,11.3512
797,2048,0.0001,1024,64,2,1,59.7594
798,2048,0.0001,2048,1,0,0,45050.6
799,2048,0.0001,2048,1,0,1,45450.8
800,2048,0.0001,2048,1,1,0,38.479
801,2048,0.0001,2048,1,1,1,205.071
802,2048,0.0001,2048,1,2,0,27.5287
803,2048,0.0001,2048,1,2,1,192.066
804,2048,0.0001,2048,2,0,0,22763.6
805,2048,0.0001,2048,2,0,1,23118.5
806,2048,0.0001,2048,2,1,0,28.8401
807,2048,0.0001,2048,2,1,1,164.019
808,2048,0.0001,2048,2,2,0,21.1724
809,2048,0.0001,2048,2,2,1,142.098
810,2048,0.0001,2048,4,0,0,11589.3
811,2048,0.0001,2048,4,0,1,11745.5
812,2048,0.0001,2048,4,1,0,16.436
813,2048,0.0001,2048,4,1,1,111.387
814,2048,0.0001,2048,4,2,0,13.2157
815,2048,0.0001,2048,4,2,1,106.758
816,2048,0.0001,2048,8,0,0,6421.19
817,2048,0.0001,2048,8,0,1,6493.77
818,2048,0.0001,2048,8,1,0,9.49966
819,2048,0.0001,2048,8,1,1,72.3428
820,2048,0.0001,2048,8,2,0,7.47321
821,2048,0.0001,2048,8,2,1,68.869
822,2048,0.0001,2048,16,0,0,3703.27
823,2048,0.0001,2048,16,0,1,4011.35
824,2048,0.0001,2048,16,1,0,5.53071
825,2048,0.0001,2048,16,1,1,56.7345
826,2048,0.0001,2048,16,2,0,4.44825
827,2048,0.0001,2048,16,2,1,49.0564
828,2048,0.0001,2048,32,0,0,3349.28
829,2048,0.0001,2048,32,0,1,3740.23
830,2048,0.0001,2048,32,1,0,5.23415
831,2048,0.0001,2048,32,1,1,49.5177
832,2048,0.0001,2048,32,2,0,4.23557
833,2048,0.0001,2048,32,2,1,47.5703
834,2048,0.0001,2048,64,0,0,1910.51
835,2048,0.0001,2048,64,0,1,2109.9
836,2048,0.0001,2048,64,1,0,13.8588
837,2048,0.0001,2048,64,1,1,69.502
838,2048,0.0001,2048,64,2,0,12.8676
839,2048,0.0001,2048,64,2,1,72.7753
840,2048,0.01,256,1,0,0,725.886
841,2048,0.01,256,1,0,1,574.976
842,2048,0.01,256,1,1,0,31.782
843,2048,0.01,256,1,1,1,107.411
844,2048,0.01,256,1,2,0,14.1128
845,2048,0.01,256,1,2,1,99.8476
846,2048,0.01,256,2,0,0,428.056
847,2048,0.01,256,2,0,1,371.36
848,2048,0.01,256,2,1,0,22.5287
849,2048,0.01,256,2,1,1,80.8241
850,2048,0.01,256,2,2,0,16.6315
851,2048,0.01,256,2,2,1,83.0798
852,2048,0.01,256,4,0,0,271.774
853,2048,0.01,256,4,0,1,227.297
854,2048,0.01,256,4,1,0,13.1786
855,2048,0.01,256,4,1,1,54.3388
856,2048,0.01,256,4,2,0,6.95904
857,2048,0.01,256,4,2,1,52.3795
858,2048,0.01,256,8,0,0,150.637
859,2048,0.01,256,8,0,1,152.35
860,2048,0.01,256,8,1,0,8.93211
861,2048,0.01,256,8,1,1,43.0736
862,2048,0.01,256,8,2,0,4.15051
863,2048,0.01,256,8,2,1,39.5633
864,2048,0.01,256,16,0,0,78.0746
865,2048,0.01,256,16,0,1,72.6371
866,2048,0.01,256,16,1,0,3.94718
867,2048,0.01,256,16,1,1,37.1148
868,2048,0.01,256,16,2,0,2.82397
869,2048,0.01,256,16,2,1,30.9415
870,2048,0.01,256,32,0,0,78.7455
871,2048,0.01,256,32,0,1,83.1031
872,2048,0.01,256,32,1,0,4.17628
873,2048,0.01,256,32,1,1,33.6193
874,2048,0.01,256,32,2,0,2.48193
875,2048,0.01,256,32,2,1,33.0115
876,2048,0.01,256,64,0,0,60.3335
877,2048,0.01,256,64,0,1,80.5974
878,2048,0.01,256,64,1,0,16.2822
879,2048,0.01,256,64,1,1,54.9552
880,2048,0.01,256,64,2,0,13.6666
881,2048,0.01,256,64,2,1,61.2414
882,2048,0.01,512,1,0,0,2966.36
883,2048,0.01,512,1,0,1,1840.85
884,2048,0.01,512,1,1,0,122.377
885,2048,0.01,512,1,1,1,150.803
886,2048,0.01,512,1,2,0,42.0133
887,2048,0.01,512,1,2,1,119.247
888,2048,0.01,512,2,0,0,1537.31
889,2048,0.01,512,2,0,1,1077.57
890,2048,0.01,512,2,1,0,70.9722
891,2048,0.01,512,2,1,1,100.06
892,2048,0.01,512,2,2,0,31.4534
893,2048,0.01,512,2,2,1,86.5299
894,2048,0.01,512,4,0,0,860.421
895,2048,0.01,512,4,0,1,645.109
896,2048,0.01,512,4,1,0,39.4198
897,2048,0.01,512,4,1,1,73.5607
898,2048,0.01,512,4,2,0,22.5974
899,2048,0.01,512,4,2,1,59.4792
900,2048,0.01,512,8,0,0,481.092
901,2048,0.01,512,8,0,1,321.24
902,2048,0.01,512,8,1,0,21.7417
903,2048,0.01,512,8,1,1,53.3331
904,2048,0.01,512,8,2,0,15.6796
905,2048,0.01,512,8,2,1,41.9316
906,2048,0.01,512,16,0,0,268.783
907,2048,0.01,512,16,0,1,214.417
908,2048,0.01,512,16,1,0,16.5114
909,2048,0.01,512,16,1,1,34.2648
910,2048,0.01,512,16,2,0,8.40235
911,2048,0.01,512,16,2,1,32.1613
912,2048,0.01,512,32,0,0,242.914
913,2048,0.01,512,32,0,1,186.686
914,2048,0.01,512,32,1,0,16.689
915,2048,0.01,512,32,1,1,35.6598
916,2048,0.01,512,32,2,0,7.2376
917,2048,0.01,512,32,2,1,35.958
918,2048,0.01,512,64,0,0,194.765
919,2048,0.01,512,64,0,1,151.352
920,2048,0.01,512,64,1,0,19.784
921,2048,0.01,512,64,1,1,57.2469
922,2048,0.01,512,64,2,0,20.8969
923,2048,0.01,512,64,2,1,86.6876
924,2048,0.01,1024,1,0,0,11758.1
925,2048,0.01,1024,1,0,1,6968.11
926,2048,0.01,1024,1,1,0,538.979
927,2048,0.01,1024,1,1,1,484.371
928,2048,0.01,1024,1,2,0,185.087
929,2048,0.01,1024,1,2,1,218.487
930,2048,0.01,1024,2,0,0,6102.69
931,2048,0.01,1024,2,0,1,3869.06
932,2048,0.01,1024,2,1,0,315.744
933,2048,0.01,1024,2,1,1,296.301
934,2048,0.01,1024,2,2,0,124.261
935,2048,0.01,1024,2,2,1,147.118
936,2048,0.01,1024,4,0,0,3188.44
937,2048,0.01,1024,4,0,1,2147.28
938,2048,0.01,1024,4,1,0,179.071
939,2048,0.01,1024,4,1,1,174.492
940,2048,0.01,1024,4,2,0,68.6833
941,2048,0.01,1024,4,2,1,89.9251
942,2048,0.01,1024,8,0,0,1807.32
943,2048,0.01,1024,8,0,1,1304.31
944,2048,0.01,1024,8,1,0,90.2461
945,2048,0.01,1024,8,1,1,98.0422
946,2048,0.01,1024,8,2,0,42.1118
947,2048,0.01,1024,8,2,1,61.4055
948,2048,0.01,1024,16,0,0,981.553
949,2048,0.01,1024,16,0,1,692.341
950,2048,0.01,1024,16,1,0,51.1222
951,2048,0.01,1024,16,1,1,59.9336
952,2048,0.01,1024,16,2,0,25.9278
953,2048,0.01,1024,16,2,1,41.1759
954,2048,0.01,1024,32,0,0,962.903
955,2048,0.01,1024,32,0,1,672.082
956,2048,0.01,1024,32,1,0,45.4711
957,2048,0.01,1024,32,1,1,58.6767
958,2048,0.01,1024,32,2,0,25.3509
959,2048,0.01,1024,32,2,1,41.0577
960,2048,0.01,1024,64,0,0,580.06
961,2048,0.01,1024,64,0,1,414.007
962,2048,0.01,1024,64,1,0,46.3144
963,2048,0.01,1024,64,1,1,56.6008
964,2048,0.01,1024,64,2,0,27.3271
965,2048,0.01,1024,64,2,1,62.3549
966,2048,0.01,2048,1,0,0,47872.7
967,2048,0.01,2048,1,0,1,27825.4
968,2048,0.01,2048,1,1,0,3164.25
969,2048,0.01,2048,1,1,1,2206.06
970,2048,0.01,2048,1,2,0,709.382
971,2048,0.01,2048,1,2,1,594.905
972,2048,0.01,2048,2,0,0,24627.9
973,2048,0.01,2048,2,0,1,14738.6
974,2048,0.01,2048,2,1,0,1882.54
975,2048,0.01,2048,2,1,1,1458.2
976,2048,0.01,2048,2,2,0,482.863
977,2048,0.01,2048,2,2,1,386.855
978,2048,0.01,2048,4,0,0,12561.3
979,2048,0.01,2048,4,0,1,7766.24
980,2048,0.01,2048,4,1,0,903.532
981,2048,0.01,2048,4,1,1,731.483
982,2048,0.01,2048,4,2,0,273.839
983,2048,0.01,2048,4,2,1,212.56
984,2048,0.01,2048,8,0,0,6894.25
985,2048,0.01,2048,8,0,1,4478.9
986,2048,0.01,2048,8,1,0,475.315
987,2048,0.01,2048,8,1,1,411.4
988,2048,0.01,2048,8,2,0,166.149
989,2048,0.01,2048,8,2,1,136.56
990,2048,0.01,2048,16,0,0,3890.99
991,2048,0.01,2048,16,0,1,2539.74
992,2048,0.01,2048,16,1,0,251.891
993,2048,0.01,2048,16,1,1,222.073
994,2048,0.01,2048,16,2,0,134.044
995,2048,0.01,2048,16,2,1,103.021
996,2048,0.01,2048,32,0,0,3463.19
997,2048,0.01,2048,32,0,1,2438.91
998,2048,0.01,2048,32,1,0,227.394
999,2048,0.01,2048,32,1,1,190.793
1000,2048,0.01,2048,32,2,0,134.374
1001,2048,0.01,2048,32,2,1,104.811
1002,2048,0.01,2048,64,0,0,2050.71
1003,2048,0.01,2048,64,0,1,1557.81
1004,2048,0.01,2048,64,1,0,195.611
1005,2048,0.01,2048,64,1,1,171.24
1006,2048,0.01,2048,64,2,0,129.962
1007,2048,0.01,2048,64,2,1,118.452
1008,16384,1e-06,256,1,0,0,5709.83
1009,16384,1e-06,256,1,0,1,6943.99
1010,16384,1e-06,256,1,1,0,1.02417
1011,16384,1e-06,256,1,1,1,1232.1
1012,16384,1e-06,256,1,2,0,0.888298
1013,16384,1e-06,256,1,2,1,1210.27
1014,16384,1e-06,256,2,0,0,2908.69
1015,16384,1e-06,256,2,0,1,3904.73
1016,16384,1e-06,256,2,1,0,1.08635
1017,16384,1e-06,256,2,1,1,1070.26
1018,16384,1e-06,256,2,2,0,0.804305
1019,16384,1e-06,256,2,2,1,1113.38
1020,16384,1e-06,256,4,0,0,1579.51
1021,16384,1e-06,256,4,0,1,2083.64
1022,16384,1e-06,256,4,1,0,0.650396
1023,16384,1e-06,256,4,1,1,596.524
1024,16384,1e-06,256,4,2,0,0.591594
1025,16384,1e-06,256,4,2,1,547.971
1026,16384,1e-06,256,8,0,0,879.484
1027,16384,1e-06,256,8,0,1,1181.69
1028,16384,1e-06,256,8,1,0,0.53257
1029,16384,1e-06,256,8,1,1,357.663
1030,16384,1e-06,256,8,2,0,0.468111
1031,16384,1e-06,256,8,2,1,346.805
1032,16384,1e-06,256,16,0,0,489.813
1033,16384,1e-06,256,16,0,1,649.671
1034,16384,1e-06,256,16,1,0,0.568785
1035,16384,1e-06,256,16,1,1,210.047
1036,16384,1e-06,256,16,2,0,0.524039
1037,16384,1e-06,256,16,2,1,209.281
1038,16384,1e-06,256,32,0,0,464.838
1039,16384,1e-06,256,32,0,1,560.984
1040,16384,1e-06,256,32,1,0,3.61366
1041,16384,1e-06,256,32,1,1,175.236
1042,16384,1e-06,256,32,2,0,3.47262
1043,16384,1e-06,256,32,2,1,199.435
1044,16384,1e-06,256,64,0,0,311.3
1045,16384,1e-06,256,64,0,1,450.683
1046,16384,1e-06,256,64,1,0,9.78567
1047,16384,1e-06,256,64,1,1,232.05
1048,16384,1e-06,256,64,2,0,15.5105
1049,16384,1e-06,256,64,2,1,214.529
1050,16384,1e-06,512,1,0,0,22597.4
1051,16384,1e-06,512,1,0,1,23867.0
1052,16384,1e-06,512,1,1,0,1.28943
1053,16384,1e-06,512,1,1,1,1236.12
1054,16384,1e-06,512,1,2,0,1.24442
1055,16384,1e-06,512,1,2,1,1301.66
1056,16384,1e-06,512,2,0,0,11449.7
1057,16384,1e-06,512,2,0,1,12252.8
1058,16384,1e-06,512,2,1,0,1.46851
1059,16384,1e-06,512,2,1,1,957.745
1060,16384,1e-06,512,2,2,0,1.30237
1061,16384,1e-06,512,2,2,1,1040.22
1062,16384,1e-06,512,4,0,0,5887.08
1063,16384,1e-06,512,4,0,1,6291.14
1064,16384,1e-06,512,4,1,0,0.832772
1065,16384,1e-06,512,4,1,1,605.73
1066,16384,1e-06,512,4,2,0,0.733446
1067,16384,1e-06,512,4,2,1,537.615
1068,16384,1e-06,512,8,0,0,3239.75
1069,16384,1e-06,512,8,0,1,3579.84
1070,16384,1e-06,512,8,1,0,0.669724
1071,16384,1e-06,512,8,1,1,364.747
1072,16384,1e-06,512,8,2,0,0.5989
1073,16384,1e-06,512,8,2,1,344.733
1074,16384,1e-06,512,16,0,0,1845.44
1075,16384,1e-06,512,16,0,1,2031.05
1076,16384,1e-06,512,16,1,0,0.593986
1077,16384,1e-06,512,16,1,1,212.546
1078,16384,1e-06,512,16,2,0,0.594154
1079,16384,1e-06,512,16,2,1,211.226
1080,16384,1e-06,512,32,0,0,1792.03
1081,16384,1e-06,512,32,0,1,1921.19
1082,16384,1e-06,512,32,1,0,3.5692
1083,16384,1e-06,512,32,1,1,178.705
1084,16384,1e-06,512,32,2,0,3.79663
1085,16384,1e-06,512,32,2,1,172.959
1086,16384,1e-06,512,64,0,0,957.919
1087,16384,1e-06,512,64,0,1,1068.31
1088,16384,1e-06,512,64,1,0,15.8436
1089,16384,1e-06,512,64,1,1,218.262
1090,16384,1e-06,512,64,2,0,15.9126
1091,16384,1e-06,512,64,2,1,222.071
1092,16384,1e-06,1024,1,0,0,90180.8
1093,16384,1e-06,1024,1,0,1,91361.8
1094,16384,1e-06,1024,1,1,0,2.30532
1095,16384,1e-06,1024,1,1,1,1116.91
1096,16384,1e-06,1024,1,2,0,2.24733
1097,16384,1e-06,1024,1,2,1,1183.15
1098,16384,1e-06,1024,2,0,0,45150.0
1099,16384,1e-06,1024,2,0,1,46089.6
1100,16384,1e-06,1024,2,1,0,2.7605
1101,16384,1e-06,1024,2,1,1,1062.64
1102,16384,1e-06,1024,2,2,0,2.6804
1103,16384,1e-06,1024,2,2,1,1036.21
1104,16384,1e-06,1024,4,0,0,22964.9
1105,16384,1e-06,1024,4,0,1,23392.0
1106,16384,1e-06,1024,4,1,0,1.52943
1107,16384,1e-06,1024,4,1,1,630.292
1108,16384,1e-06,1024,4,2,0,1.32465
1109,16384,1e-06,1024,4,2,1,561.292
1110,16384,1e-06,1024,8,0,0,12641.2
1111,16384,1e-06,1024,8,0,1,12854.7
1112,16384,1e-06,1024,8,1,0,1.01468
1113,16384,1e-06,1024,8,1,1,364.321
1114,16384,1e-06,1024,8,2,0,1.00062
1115,16384,1e-06,1024,8,2,1,347.101
1116,16384,1e-06,1024,16,0,0,7189.98
1117,16384,1e-06,1024,16,0,1,7324.91
1118,16384,1e-06,1024,16,1,0,0.914577
1119,16384,1e-06,1024,16,1,1,222.409
1120,16384,1e-06,1024,16,2,0,0.859618
1121,16384,1e-06,1024,16,2,1,210.809
1122,16384,1e-06,1024,32,0,0,5715.52
1123,16384,1e-06,1024,32,0,1,6479.11
1124,16384,1e-06,1024,32,1,0,1.33163
1125,16384,1e-06,1024,32,1,1,179.098
1126,16384,1e-06,1024,32,2,0,2.7673
1127,16384,1e-06,1024,32,2,1,178.769
1128,16384,1e-06,1024,64,0,0,3714.57
1129,16384,1e-06,1024,64,0,1,3950.55
1130,16384,1e-06,1024,64,1,0,11.9768
1131,16384,1e-06,1024,64,1,1,212.771
1132,16384,1e-06,1024,64,2,0,10.838
1133,16384,1e-06,1024,64,2,1,219.324
1134,16384,1e-06,2048,1,0,0,DNF
1135,16384,1e-06,2048,1,0,1,DNF
1136,16384,1e-06,2048,1,1,0,8.6466
1137,16384,1e-06,2048,1,1,1,1272.55
1138,16384,1e-06,2048,1,2,0,8.25189
1139,16384,1e-06,2048,1,2,1,1272.16
1140,16384,1e-06,2048,2,0,0,180519.0
1141,16384,1e-06,2048,2,0,1,181381.0
1142,16384,1e-06,2048,2,1,0,7.4293
1143,16384,1e-06,2048,2,1,1,1003.66
1144,16384,1e-06,2048,2,2,0,7.2245
1145,16384,1e-06,2048,2,2,1,1160.77
1146,16384,1e-06,2048,4,0,0,91588.2
1147,16384,1e-06,2048,4,0,1,92319.9
1148,16384,1e-06,2048,4,1,0,3.94355
1149,16384,1e-06,2048,4,1,1,631.094
1150,16384,1e-06,2048,4,2,0,3.84348
1151,16384,1e-06,2048,4,2,1,654.514
1152,16384,1e-06,2048,8,0,0,49936.6
1153,16384,1e-06,2048,8,0,1,50146.5
1154,16384,1e-06,2048,8,1,0,2.29011
1155,16384,1e-06,2048,8,1,1,373.274
1156,16384,1e-06,2048,8,2,0,2.15113
1157,16384,1e-06,2048,8,2,1,352.8
1158,16384,1e-06,2048,16,0,0,28356.1
1159,16384,1e-06,2048,16,0,1,28599.2
1160,16384,1e-06,2048,16,1,0,1.54366
1161,16384,1e-06,2048,16,1,1,226.925
1162,16384,1e-06,2048,16,2,0,1.48163
1163,16384,1e-06,2048,16,2,1,223.267
1164,16384,1e-06,2048,32,0,0,17625.6
1165,16384,1e-06,2048,32,0,1,17885.3
1166,16384,1e-06,2048,32,1,0,1.64023
1167,16384,1e-06,2048,32,1,1,193.215
1168,16384,1e-06,2048,32,2,0,4.77893
1169,16384,1e-06,2048,32,2,1,183.706
1170,16384,1e-06,2048,64,0,0,14891.7
1171,16384,1e-06,2048,64,0,1,15091.0
1172,16384,1e-06,2048,64,1,0,9.17182
1173,16384,1e-06,2048,64,1,1,238.328
1174,16384,1e-06,2048,64,2,0,12.8924
1175,16384,1e-06,2048,64,2,1,232.629
1176,16384,0.0001,256,1,0,0,5698.67
1177,16384,0.0001,256,1,0,1,6849.71
1178,16384,0.0001,256,1,1,0,4.41366
1179,16384,0.0001,256,1,1,1,1281.32
1180,16384,0.0001,256,1,2,0,4.18404
1181,16384,0.0001,256,1,2,1,1231.29
1182,16384,0.0001,256,2,0,0,2919.19
1183,16384,0.0001,256,2,0,1,3769.34
1184,16384,0.0001,256,2,1,0,5.2452
1185,16384,0.0001,256,2,1,1,997.518
1186,16384,0.0001,256,2,2,0,6.33451
1187,16384,0.0001,256,2,2,1,1027.02
1188,16384,0.0001,256,4,0,0,1588.29
1189,16384,0.0001,256,4,0,1,1988.01
1190,16384,0.0001,256,4,1,0,3.49307
1191,16384,0.0001,256,4,1,1,580.232
1192,16384,0.0001,256,4,2,0,3.24423
1193,16384,0.0001,256,4,2,1,581.229
1194,16384,0.0001,256,8,0,0,887.743
1195,16384,0.0001,256,8,0,1,1204.47
1196,16384,0.0001,256,8,1,0,1.90938
1197,16384,0.0001,256,8,1,1,333.611
1198,16384,0.0001,256,8,2,0,1.90727
1199,16384,0.0001,256,8,2,1,361.764
1200,16384,0.0001,256,16,0,0,486.412
1201,16384,0.0001,256,16,0,1,646.394
1202,16384,0.0001,256,16,1,0,1.09175
1203,16384,0.0001,256,16,1,1,207.381
1204,16384,0.0001,256,16,2,0,1.15527
1205,16384,0.0001,256,16,2,1,209.343
1206,16384,0.0001,256,32,0,0,463.684
1207,16384,0.0001,256,32,0,1,561.148
1208,16384,0.0001,256,32,1,0,4.52445
1209,16384,0.0001,256,32,1,1,172.713
1210,16384,0.0001,256,32,2,0,4.13565
1211,16384,0.0001,256,32,2,1,174.638
1212,16384,0.0001,256,64,0,0,288.207
1213,16384,0.0001,256,64,0,1,394.431
1214,16384,0.0001,256,64,1,0,11.3288
1215,16384,0.0001,256,64,1,1,213.287
1216,16384,0.0001,256,64,2,0,13.5057
1217,16384,0.0001,256,64,2,1,224.034
1218,16384,0.0001,512,1,0,0,22687.1
1219,16384,0.0001,512,1,0,1,23357.2
1220,16384,0.0001,512,1,1,0,17.863
1221,16384,0.0001,512,1,1,1,1168.1
1222,16384,0.0001,512,1,2,0,11.026
1223,16384,0.0001,512,1,2,1,1290.5
1224,16384,0.0001,512,2,0,0,11403.3
1225,16384,0.0001,512,2,0,1,12014.2
1226,16384,0.0001,512,2,1,0,17.1271
1227,16384,0.0001,512,2,1,1,1091.11
1228,16384,0.0001,512,2,2,0,13.9634
1229,16384,0.0001,512,2,2,1,1032.9
1230,16384,0.0001,512,4,0,0,5881.4
1231,16384,0.0001,512,4,0,1,6211.16
1232,16384,0.0001,512,4,1,0,9.17328
1233,16384,0.0001,512,4,1,1,586.003
1234,16384,0.0001,512,4,2,0,7.8488
1235,16384,0.0001,512,4,2,1,591.855
1236,16384,0.0001,512,8,0,0,3256.47
1237,16384,0.0001,512,8,0,1,3519.57
1238,16384,0.0001,512,8,1,0,4.99239
1239,16384,0.0001,512,8,1,1,357.23
1240,16384,0.0001,512,8,2,0,4.40115
1241,16384,0.0001,512,8,2,1,333.108
1242,16384,0.0001,512,16,0,0,1848.68
1243,16384,0.0001,512,16,0,1,2009.09
1244,16384,0.0001,512,16,1,0,2.85876
1245,16384,0.0001,512,16,1,1,213.587
1246,16384,0.0001,512,16,2,0,2.40019
1247,16384,0.0001,512,16,2,1,234.035
1248,16384,0.0001,512,32,0,0,1799.63
1249,16384,0.0001,512,32,0,1,1871.95
1250,16384,0.0001,512,32,1,0,5.72574
1251,16384,0.0001,512,32,1,1,175.863
1252,16384,0.0001,512,32,2,0,5.38972
1253,16384,0.0001,512,32,2,1,176.633
1254,16384,0.0001,512,64,0,0,974.985
1255,16384,0.0001,512,64,0,1,973.615
1256,16384,0.0001,512,64,1,0,11.4872
1257,16384,0.0001,512,64,1,1,231.812
1258,16384,0.0001,512,64,2,0,14.3906
1259,16384,0.0001,512,64,2,1,220.221
1260,16384,0.0001,1024,1,0,0,90109.0
1261,16384,0.0001,1024,1,0,1,87678.2
1262,16384,0.0001,1024,1,1,0,66.7372
1263,16384,0.0001,1024,1,1,1,1312.83
1264,16384,0.0001,1024,1,2,0,52.1489
1265,16384,0.0001,1024,1,2,1,1252.95
1266,16384,0.0001,1024,2,0,0,45449.9
1267,16384,0.0001,1024,2,0,1,44476.2
1268,16384,0.0001,1024,2,1,0,48.8377
1269,16384,0.0001,1024,2,1,1,1178.48
1270,16384,0.0001,1024,2,2,0,41.5793
1271,16384,0.0001,1024,2,2,1,1100.75
1272,16384,0.0001,1024,4,0,0,23122.4
1273,16384,0.0001,1024,4,0,1,22642.3
1274,16384,0.0001,1024,4,1,0,27.5769
1275,16384,0.0001,1024,4,1,1,680.425
1276,16384,0.0001,1024,4,2,0,19.9627
1277,16384,0.0001,1024,4,2,1,569.728
1278,16384,0.0001,1024,8,0,0,12632.2
1279,16384,0.0001,1024,8,0,1,12439.5
1280,16384,0.0001,1024,8,1,0,16.9344
1281,16384,0.0001,1024,8,1,1,364.448
1282,16384,0.0001,1024,8,2,0,13.8281
1283,16384,0.0001,1024,8,2,1,348.501
1284,16384,0.0001,1024,16,0,0,7174.85
1285,16384,0.0001,1024,16,0,1,7120.35
1286,16384,0.0001,1024,16,1,0,9.37264
1287,16384,0.0001,1024,16,1,1,220.595
1288,16384,0.0001,1024,16,2,0,7.55089
1289,16384,0.0001,1024,16,2,1,205.402
1290,16384,0.0001,1024,32,0,0,5785.41
1291,16384,0.0001,1024,32,0,1,6015.34
1292,16384,0.0001,1024,32,1,0,10.036
1293,16384,0.0001,1024,32,1,1,195.805
1294,16384,0.0001,1024,32,2,0,6.49859
1295,16384,0.0001,1024,32,2,1,183.865
1296,16384,0.0001,1024,64,0,0,3793.53
1297,16384,0.0001,1024,64,0,1,3736.01
1298,16384,0.0001,1024,64,1,0,14.7186
1299,16384,0.0001,1024,64,1,1,253.442
1300,16384,0.0001,1024,64,2,0,13.7694
1301,16384,0.0001,1024,64,2,1,259.074
1302,16384,0.0001,2048,1,0,0,DNF
1303,16384,0.0001,2048,1,0,1,DNF
1304,16384,0.0001,2048,1,1,0,281.626
1305,16384,0.0001,2048,1,1,1,1442.78
1306,16384,0.0001,2048,1,2,0,202.028
1307,16384,0.0001,2048,1,2,1,1367.91
1308,16384,0.0001,2048,2,0,0,181064.0
1309,16384,0.0001,2048,2,0,1,172273.0
1310,16384,0.0001,2048,2,1,0,169.9
1311,16384,0.0001,2048,2,1,1,1268.68
1312,16384,0.0001,2048,2,2,0,145.158
1313,16384,0.0001,2048,2,2,1,1297.6
1314,16384,0.0001,2048,4,0,0,91722.5
1315,16384,0.0001,2048,4,0,1,88000.4
1316,16384,0.0001,2048,4,1,0,95.9326
1317,16384,0.0001,2048,4,1,1,718.005
1318,16384,0.0001,2048,4,2,0,76.1851
1319,16384,0.0001,2048,4,2,1,660.428
1320,16384,0.0001,2048,8,0,0,50070.1
1321,16384,0.0001,2048,8,0,1,48002.7
1322,16384,0.0001,2048,8,1,0,50.8856
1323,16384,0.0001,2048,8,1,1,401.624
1324,16384,0.0001,2048,8,2,0,40.2102
1325,16384,0.0001,2048,8,2,1,397.036
1326,16384,0.0001,2048,16,0,0,28436.7
1327,16384,0.0001,2048,16,0,1,27534.7
1328,16384,0.0001,2048,16,1,0,28.6179
1329,16384,0.0001,2048,16,1,1,230.627
1330,16384,0.0001,2048,16,2,0,23.708
1331,16384,0.0001,2048,16,2,1,265.17
1332,16384,0.0001,2048,32,0,0,17342.4
1333,16384,0.0001,2048,32,0,1,17427.2
1334,16384,0.0001,2048,32,1,0,24.9364
1335,16384,0.0001,2048,32,1,1,199.965
1336,16384,0.0001,2048,32,2,0,19.6964
1337,16384,0.0001,2048,32,2,1,194.013
1338,16384,0.0001,2048,64,0,0,14953.2
1339,16384,0.0001,2048,64,0,1,14816.4
1340,16384,0.0001,2048,64,1,0,28.7996
1341,16384,0.0001,2048,64,1,1,286.69
1342,16384,0.0001,2048,64,2,0,24.6657
1343,16384,0.0001,2048,64,2,1,276.808
1344,16384,0.01,256,1,0,0,5785.39
1345,16384,0.01,256,1,0,1,1770.1
1346,16384,0.01,256,1,1,0,183.371
1347,16384,0.01,256,1,1,1,374.231
1348,16384,0.01,256,1,2,0,94.6447
1349,16384,0.01,256,1,2,1,388.122
1350,16384,0.01,256,2,0,0,2962.24
1351,16384,0.01,256,2,0,1,1096.9
1352,16384,0.01,256,2,1,0,130.39
1353,16384,0.01,256,2,1,1,272.439
1354,16384,0.01,256,2,2,0,77.0826
1355,16384,0.01,256,2,2,1,255.895
1356,16384,0.01,256,4,0,0,1567.3
1357,16384,0.01,256,4,0,1,633.165
1358,16384,0.01,256,4,1,0,52.98
1359,16384,0.01,256,4,1,1,153.571
1360,16384,0.01,256,4,2,0,44.9988
1361,16384,0.01,256,4,2,1,152.036
1362,16384,0.01,256,8,0,0,914.789
1363,16384,0.01,256,8,0,1,341.598
1364,16384,0.01,256,8,1,0,32.5643
1365,16384,0.01,256,8,1,1,117.209
1366,16384,0.01,256,8,2,0,22.5742
1367,16384,0.01,256,8,2,1,97.229
1368,16384,0.01,256,16,0,0,534.79
1369,16384,0.01,256,16,0,1,243.664
1370,16384,0.01,256,16,1,0,22.3748
1371,16384,0.01,256,16,1,1,66.7566
1372,16384,0.01,256,16,2,0,15.6989
1373,16384,0.01,256,16,2,1,65.0043
1374,16384,0.01,256,32,0,0,494.142
1375,16384,0.01,256,32,0,1,194.232
1376,16384,0.01,256,32,1,0,21.4354
1377,16384,0.01,256,32,1,1,62.4261
1378,16384,0.01,256,32,2,0,16.3051
1379,16384,0.01,256,32,2,1,61.6478
1380,16384,0.01,256,64,0,0,391.933
1381,16384,0.01,256,64,0,1,136.906
1382,16384,0.01,256,64,1,0,25.8644
1383,16384,0.01,256,64,1,1,88.0249
1384,16384,0.01,256,64,2,0,18.3731
1385,16384,0.01,256,64,2,1,91.4728
1386,16384,0.01,512,1,0,0,23028.5
1387,16384,0.01,512,1,0,1,6048.49
1388,16384,0.01,512,1,1,0,674.855
1389,16384,0.01,512,1,1,1,511.495
1390,16384,0.01,512,1,2,0,302.894
1391,16384,0.01,512,1,2,1,401.225
1392,16384,0.01,512,2,0,0,11676.1
1393,16384,0.01,512,2,0,1,3197.21
1394,16384,0.01,512,2,1,0,388.44
1395,16384,0.01,512,2,1,1,340.193
1396,16384,0.01,512,2,2,0,214.47
1397,16384,0.01,512,2,2,1,277.328
1398,16384,0.01,512,4,0,0,5972.65
1399,16384,0.01,512,4,0,1,1790.99
1400,16384,0.01,512,4,1,0,214.676
1401,16384,0.01,512,4,1,1,192.722
1402,16384,0.01,512,4,2,0,128.629
1403,16384,0.01,512,4,2,1,169.458
1404,16384,0.01,512,8,0,0,3334.92
1405,16384,0.01,512,8,0,1,1041.32
1406,16384,0.01,512,8,1,0,130.986
1407,16384,0.01,512,8,1,1,120.98
1408,16384,0.01,512,8,2,0,58.2645
1409,16384,0.01,512,8,2,1,106.916
1410,16384,0.01,512,16,0,0,1881.66
1411,16384,0.01,512,16,0,1,600.23
1412,16384,0.01,512,16,1,0,61.2619
1413,16384,0.01,512,16,1,1,77.747
1414,16384,0.01,512,16,2,0,33.732
1415,16384,0.01,512,16,2,1,70.2693
1416,16384,0.01,512,32,0,0,1835.45
1417,16384,0.01,512,32,0,1,554.366
1418,16384,0.01,512,32,1,0,58.2904
1419,16384,0.01,512,32,1,1,69.2944
1420,16384,0.01,512,32,2,0,27.9286
1421,16384,0.01,512,32,2,1,66.0336
1422,16384,0.01,512,64,0,0,1031.02
1423,16384,0.01,512,64,0,1,346.675
1424,16384,0.01,512,64,1,0,48.7767
1425,16384,0.01,512,64,1,1,96.9896
1426,16384,0.01,512,64,2,0,37.0963
1427,16384,0.01,512,64,2,1,99.3274
1428,16384,0.01,1024,1,0,0,94038.4
1429,16384,0.01,1024,1,0,1,23647.1
1430,16384,0.01,1024,1,1,0,4065.52
1431,16384,0.01,1024,1,1,1,1546.73
1432,16384,0.01,1024,1,2,0,1620.97
1433,16384,0.01,1024,1,2,1,723.956
1434,16384,0.01,1024,2,0,0,47266.2
1435,16384,0.01,1024,2,0,1,12098.8
1436,16384,0.01,1024,2,1,0,2237.7
1437,16384,0.01,1024,2,1,1,925.645
1438,16384,0.01,1024,2,2,0,920.954
1439,16384,0.01,1024,2,2,1,526.225
1440,16384,0.01,1024,4,0,0,23783.2
1441,16384,0.01,1024,4,0,1,6317.01
1442,16384,0.01,1024,4,1,0,1207.1
1443,16384,0.01,1024,4,1,1,531.878
1444,16384,0.01,1024,4,2,0,469.409
1445,16384,0.01,1024,4,2,1,267.784
1446,16384,0.01,1024,8,0,0,13062.5
1447,16384,0.01,1024,8,0,1,3576.22
1448,16384,0.01,1024,8,1,0,615.454
1449,16384,0.01,1024,8,1,1,271.169
1450,16384,0.01,1024,8,2,0,254.093
1451,16384,0.01,1024,8,2,1,165.139
1452,16384,0.01,1024,16,0,0,7419.41
1453,16384,0.01,1024,16,0,1,2111.56
1454,16384,0.01,1024,16,1,0,338.297
1455,16384,0.01,1024,16,1,1,198.601
1456,16384,0.01,1024,16,2,0,144.219
1457,16384,0.01,1024,16,2,1,102.563
1458,16384,0.01,1024,32,0,0,5938.76
1459,16384,0.01,1024,32,0,1,2043.61
1460,16384,0.01,1024,32,1,0,270.305
1461,16384,0.01,1024,32,1,1,139.619
1462,16384,0.01,1024,32,2,0,115.124
1463,16384,0.01,1024,32,2,1,84.9679
1464,16384,0.01,1024,64,0,0,3874.81
1465,16384,0.01,1024,64,0,1,1259.82
1466,16384,0.01,1024,64,1,0,203.381
1467,16384,0.01,1024,64,1,1,145.667
1468,16384,0.01,1024,64,2,0,116.409
1469,16384,0.01,1024,64,2,1,117.671
1470,16384,0.01,2048,1,0,0,DNF
1471,16384,0.01,2048,1,0,1,95306.2
1472,16384,0.01,2048,1,1,0,23826.5
1473,16384,0.01,2048,1,1,1,7367.84
1474,16384,0.01,2048,1,2,0,5424.12
1475,16384,0.01,2048,1,2,1,1874.42
1476,16384,0.01,2048,2,0,0,193931.0
1477,16384,0.01,2048,2,0,1,48730.2
1478,16384,0.01,2048,2,1,0,14133.8
1479,16384,0.01,2048,2,1,1,4399.07
1480,16384,0.01,2048,2,2,0,3375.56
1481,16384,0.01,2048,2,2,1,1521.34
1482,16384,0.01,2048,4,0,0,98446.8
1483,16384,0.01,2048,4,0,1,25100.4
1484,16384,0.01,2048,4,1,0,7186.96
1485,16384,0.01,2048,4,1,1,2385.86
1486,16384,0.01,2048,4,2,0,2092.66
1487,16384,0.01,2048,4,2,1,760.585
1488,16384,0.01,2048,8,0,0,52969.9
1489,16384,0.01,2048,8,0,1,14144.5
1490,16384,0.01,2048,8,1,0,3802.81
1491,16384,0.01,2048,8,1,1,1293.01
1492,16384,0.01,2048,8,2,0,1123.5
1493,16384,0.01,2048,8,2,1,434.073
1494,16384,0.01,2048,16,0,0,29896.3
1495,16384,0.01,2048,16,0,1,8403.41
1496,16384,0.01,2048,16,1,0,1922.57
1497,16384,0.01,2048,16,1,1,670.972
1498,16384,0.01,2048,16,2,0,888.417
1499,16384,0.01,2048,16,2,1,294.51
1500,16384,0.01,2048,32,0,0,17795.8
1501,16384,0.01,2048,32,0,1,6535.56
1502,16384,0.01,2048,32,1,0,1492.5
1503,16384,0.01,2048,32,1,1,540.416
1504,16384,0.01,2048,32,2,0,852.901
1505,16384,0.01,2048,32,2,1,285.477
1506,16384,0.01,2048,64,0,0,15372.6
1507,16384,0.01,2048,64,0,1,4587.08
1508,16384,0.01,2048,64,1,0,1084.32
1509,16384,0.01,2048,64,1,1,397.383
1510,16384,0.01,2048,64,2,0,920.282
1511,16384,0.01,2048,64,2,1,318.996
1512,131072,1e-06,256,1,0,0,45624.4
1513,131072,1e-06,256,1,0,1,55130.8
1514,131072,1e-06,256,1,1,0,5.12993
1515,131072,1e-06,256,1,1,1,9514.23
1516,131072,1e-06,256,1,2,0,4.48881
1517,131072,1e-06,256,1,2,1,9477.78
1518,131072,1e-06,256,2,0,0,22869.8
1519,131072,1e-06,256,2,0,1,29850.0
1520,131072,1e-06,256,2,1,0,7.88983
1521,131072,1e-06,256,2,1,1,8594.54
1522,131072,1e-06,256,2,2,0,6.62824
1523,131072,1e-06,256,2,2,1,8277.58
1524,131072,1e-06,256,4,0,0,11679.9
1525,131072,1e-06,256,4,0,1,15449.1
1526,131072,1e-06,256,4,1,0,4.09952
1527,131072,1e-06,256,4,1,1,5294.53
1528,131072,1e-06,256,4,2,0,1.42355
1529,131072,1e-06,256,4,2,1,5058.1
1530,131072,1e-06,256,8,0,0,6426.15
1531,131072,1e-06,256,8,0,1,8665.87
1532,131072,1e-06,256,8,1,0,2.23646
1533,131072,1e-06,256,8,1,1,3016.99
1534,131072,1e-06,256,8,2,0,1.952
1535,131072,1e-06,256,8,2,1,3106.7
1536,131072,1e-06,256,16,0,0,3668.87
1537,131072,1e-06,256,16,0,1,5014.93
1538,131072,1e-06,256,16,1,0,1.50253
1539,131072,1e-06,256,16,1,1,1839.51
1540,131072,1e-06,256,16,2,0,1.31218
1541,131072,1e-06,256,16,2,1,1820.44
1542,131072,1e-06,256,32,0,0,3388.09
1543,131072,1e-06,256,32,0,1,4266.13
1544,131072,1e-06,256,32,1,0,3.81692
1545,131072,1e-06,256,32,1,1,1312.58
1546,131072,1e-06,256,32,2,0,4.67314
1547,131072,1e-06,256,32,2,1,1313.93
1548,131072,1e-06,256,64,0,0,1901.07
1549,131072,1e-06,256,64,0,1,2797.36
1550,131072,1e-06,256,64,1,0,7.15242
1551,131072,1e-06,256,64,1,1,1597.17
1552,131072,1e-06,256,64,2,0,9.22712
1553,131072,1e-06,256,64,2,1,1596.84
1554,131072,1e-06,512,1,0,0,181258.0
1555,131072,1e-06,512,1,0,1,189840.0
1556,131072,1e-06,512,1,1,0,7.11884
1557,131072,1e-06,512,1,1,1,9424.08
1558,131072,1e-06,512,1,2,0,6.29724
1559,131072,1e-06,512,1,2,1,9414.71
1560,131072,1e-06,512,2,0,0,90628.3
1561,131072,1e-06,512,2,0,1,96872.1
1562,131072,1e-06,512,2,1,0,10.6648
1563,131072,1e-06,512,2,1,1,8612.34
1564,131072,1e-06,512,2,2,0,9.33823
1565,131072,1e-06,512,2,2,1,8442.31
1566,131072,1e-06,512,4,0,0,45911.6
1567,131072,1e-06,512,4,0,1,49155.1
1568,131072,1e-06,512,4,1,0,5.52219
1569,131072,1e-06,512,4,1,1,4891.57
1570,131072,1e-06,512,4,2,0,4.86854
1571,131072,1e-06,512,4,2,1,4687.98
1572,131072,1e-06,512,8,0,0,25120.5
1573,131072,1e-06,512,8,0,1,26761.4
1574,131072,1e-06,512,8,1,0,3.03695
1575,131072,1e-06,512,8,1,1,3009.38
1576,131072,1e-06,512,8,2,0,2.66273
1577,131072,1e-06,512,8,2,1,3061.46
1578,131072,1e-06,512,16,0,0,14246.4
1579,131072,1e-06,512,16,0,1,15322.4
1580,131072,1e-06,512,16,1,0,1.85347
1581,131072,1e-06,512,16,1,1,1848.21
1582,131072,1e-06,512,16,2,0,1.7214
1583,131072,1e-06,512,16,2,1,1849.42
1584,131072,1e-06,512,32,0,0,9929.09
1585,131072,1e-06,512,32,0,1,11281.4
1586,131072,1e-06,512,32,1,0,3.6367
1587,131072,1e-06,512,32,1,1,1502.19
1588,131072,1e-06,512,32,2,0,2.70306
1589,131072,1e-06,512,32,2,1,1462.77
1590,131072,1e-06,512,64,0,0,7583.45
1591,131072,1e-06,512,64,0,1,7788.35
1592,131072,1e-06,512,64,1,0,9.22128
1593,131072,1e-06,512,64,1,1,1622.82
1594,131072,1e-06,512,64,2,0,12.0682
1595,131072,1e-06,512,64,2,1,1598.46
1596,131072,1e-06,1024,1,0,0,DNF
1597,131072,1e-06,1024,1,0,1,DNF
1598,131072,1e-06,1024,1,1,0,17.797
1599,131072,1e-06,1024,1,1,1,9488.16
1600,131072,1e-06,1024,1,2,0,16.8031
1601,131072,1e-06,1024,1,2,1,9562.06
1602,131072,1e-06,1024,2,0,0,DNF
1603,131072,1e-06,1024,2,0,1,DNF
1604,131072,1e-06,1024,2,1,0,18.1929
1605,131072,1e-06,1024,2,1,1,8270.48
1606,131072,1e-06,1024,2,2,0,16.6285
1607,131072,1e-06,1024,2,2,1,8372.65
1608,131072,1e-06,1024,4,0,0,183260.0
1609,131072,1e-06,1024,4,0,1,184381.0
1610,131072,1e-06,1024,4,1,0,10.3848
1611,131072,1e-06,1024,4,1,1,4931.23
1612,131072,1e-06,1024,4,2,0,9.73236
1613,131072,1e-06,1024,4,2,1,4757.93
1614,131072,1e-06,1024,8,0,0,99320.2
1615,131072,1e-06,1024,8,0,1,100187.0
1616,131072,1e-06,1024,8,1,0,5.52686
1617,131072,1e-06,1024,8,1,1,3018.87
1618,131072,1e-06,1024,8,2,0,5.30693
1619,131072,1e-06,1024,8,2,1,3004.75
1620,131072,1e-06,1024,16,0,0,56648.2
1621,131072,1e-06,1024,16,0,1,56847.9
1622,131072,1e-06,1024,16,1,0,3.21991
1623,131072,1e-06,1024,16,1,1,1851.43
1624,131072,1e-06,1024,16,2,0,3.71635
1625,131072,1e-06,1024,16,2,1,1861.18
1626,131072,1e-06,1024,32,0,0,32632.4
1627,131072,1e-06,1024,32,0,1,32820.3
1628,131072,1e-06,1024,32,1,0,2.8209
1629,131072,1e-06,1024,32,1,1,1333.34
1630,131072,1e-06,1024,32,2,0,3.20288
1631,131072,1e-06,1024,32,2,1,1340.1
1632,131072,1e-06,1024,64,0,0,29990.5
1633,131072,1e-06,1024,64,0,1,29896.6
1634,131072,1e-06,1024,64,1,0,14.0052
1635,131072,1e-06,1024,64,1,1,1696.82
1636,131072,1e-06,1024,64,2,0,13.6914
1637,131072,1e-06,1024,64,2,1,1711.77
1638,131072,1e-06,2048,1,0,0,DNF
1639,131072,1e-06,2048,1,0,1,DNF
1640,131072,1e-06,2048,1,1,0,60.7802
1641,131072,1e-06,2048,1,1,1,9683.1
1642,131072,1e-06,2048,1,2,0,57.2064
1643,131072,1e-06,2048,1,2,1,9697.78
1644,131072,1e-06,2048,2,0,0,DNF
1645,131072,1e-06,2048,2,0,1,DNF
1646,131072,1e-06,2048,2,1,0,37.6172
1647,131072,1e-06,2048,2,1,1,8791.06
1648,131072,1e-06,2048,2,2,0,41.6575
1649,131072,1e-06,2048,2,2,1,8828.15
1650,131072,1e-06,2048,4,0,0,DNF
1651,131072,1e-06,2048,4,0,1,DNF
1652,131072,1e-06,2048,4,1,0,24.0136
1653,131072,1e-06,2048,4,1,1,5221.23
1654,131072,1e-06,2048,4,2,0,23.3804
1655,131072,1e-06,2048,4,2,1,5120.87
1656,131072,1e-06,2048,8,0,0,DNF
1657,131072,1e-06,2048,8,0,1,DNF
1658,131072,1e-06,2048,8,1,0,14.323
1659,131072,1e-06,2048,8,1,1,3025.27
1660,131072,1e-06,2048,8,2,0,13.8602
1661,131072,1e-06,2048,8,2,1,3028.06
1662,131072,1e-06,2048,16,0,0,225290.0
1663,131072,1e-06,2048,16,0,1,221332.0
1664,131072,1e-06,2048,16,1,0,7.67191
1665,131072,1e-06,2048,16,1,1,1884.59
1666,131072,1e-06,2048,16,2,0,7.44801
1667,131072,1e-06,2048,16,2,1,1825.29
1668,131072,1e-06,2048,32,0,0,120881.0
1669,131072,1e-06,2048,32,0,1,119965.0
1670,131072,1e-06,2048,32,1,0,6.26056
1671,131072,1e-06,2048,32,1,1,1299.53
1672,131072,1e-06,2048,32,2,0,8.40446
1673,131072,1e-06,2048,32,2,1,1309.26
1674,131072,1e-06,2048,64,0,0,119489.0
1675,131072,1e-06,2048,64,0,1,117689.0
1676,131072,1e-06,2048,64,1,0,15.8976
1677,131072,1e-06,2048,64,1,1,1734.29
1678,131072,1e-06,2048,64,2,0,14.052
1679,131072,1e-06,2048,64,2,1,1710.89
1680,131072,0.0001,256,1,0,0,45568.6
1681,131072,0.0001,256,1,0,1,24503.4
1682,131072,0.0001,256,1,1,0,34.1597
1683,131072,0.0001,256,1,1,1,4210.29
1684,131072,0.0001,256,1,2,0,31.4313
1685,131072,0.0001,256,1,2,1,4266.05
1686,131072,0.0001,256,2,0,0,22890.1
1687,131072,0.0001,256,2,0,1,13364.5
1688,131072,0.0001,256,2,1,0,33.1997
1689,131072,0.0001,256,2,1,1,3809.91
1690,131072,0.0001,256,2,2,0,25.4541
1691,131072,0.0001,256,2,2,1,3710.42
1692,131072,0.0001,256,4,0,0,11617.3
1693,131072,0.0001,256,4,0,1,6927.02
1694,131072,0.0001,256,4,1,0,20.5484
1695,131072,0.0001,256,4,1,1,2232.47
1696,131072,0.0001,256,4,2,0,18.1817
1697,131072,0.0001,256,4,2,1,2176.02
1698,131072,0.0001,256,8,0,0,6427.61
1699,131072,0.0001,256,8,0,1,3967.18
1700,131072,0.0001,256,8,1,0,12.6865
1701,131072,0.0001,256,8,1,1,1273.88
1702,131072,0.0001,256,8,2,0,11.5817
1703,131072,0.0001,256,8,2,1,1328.16
1704,131072,0.0001,256,16,0,0,3680.32
1705,131072,0.0001,256,16,0,1,2245.68
1706,131072,0.0001,256,16,1,0,6.75137
1707,131072,0.0001,256,16,1,1,788.517
1708,131072,0.0001,256,16,2,0,6.37859
1709,131072,0.0001,256,16,2,1,791.685
1710,131072,0.0001,256,32,0,0,3400.53
1711,131072,0.0001,256,32,0,1,1953.78
1712,131072,0.0001,256,32,1,0,7.77101
1713,131072,0.0001,256,32,1,1,593.16
1714,131072,0.0001,256,32,2,0,8.27867
1715,131072,0.0001,256,32,2,1,604.093
1716,131072,0.0001,256,64,0,0,1948.11
1717,131072,0.0001,256,64,0,1,1251.39
1718,131072,0.0001,256,64,1,0,17.5225
1719,131072,0.0001,256,64,1,1,770.853
1720,131072,0.0001,256,64,2,0,13.584
1721,131072,0.0001,256,64,2,1,750.372
1722,131072,0.0001,512,1,0,0,180909.0
1723,131072,0.0001,512,1,0,1,64952.0
1724,131072,0.0001,512,1,1,0,96.8151
1725,131072,0.0001,512,1,1,1,3258.05
1726,131072,0.0001,512,1,2,0,84.1712
1727,131072,0.0001,512,1,2,1,3382.35
1728,131072,0.0001,512,2,0,0,90772.6
1729,131072,0.0001,512,2,0,1,33259.8
1730,131072,0.0001,512,2,1,0,81.2878
1731,131072,0.0001,512,2,1,1,3069.2
1732,131072,0.0001,512,2,2,0,70.1625
1733,131072,0.0001,512,2,2,1,3052.87
1734,131072,0.0001,512,4,0,0,45985.6
1735,131072,0.0001,512,4,0,1,16942.1
1736,131072,0.0001,512,4,1,0,44.3667
1737,131072,0.0001,512,4,1,1,1747.61
1738,131072,0.0001,512,4,2,0,37.3412
1739,131072,0.0001,512,4,2,1,1832.8
1740,131072,0.0001,512,8,0,0,25075.5
1741,131072,0.0001,512,8,0,1,9337.86
1742,131072,0.0001,512,8,1,0,26.7456
1743,131072,0.0001,512,8,1,1,1015.23
1744,131072,0.0001,512,8,2,0,22.1325
1745,131072,0.0001,512,8,2,1,1027.6
1746,131072,0.0001,512,16,0,0,14221.4
1747,131072,0.0001,512,16,0,1,5361.02
1748,131072,0.0001,512,16,1,0,17.1174
1749,131072,0.0001,512,16,1,1,591.872
1750,131072,0.0001,512,16,2,0,15.3666
1751,131072,0.0001,512,16,2,1,606.339
1752,131072,0.0001,512,32,0,0,9804.24
1753,131072,0.0001,512,32,0,1,4388.26
1754,131072,0.0001,512,32,1,0,16.5295
1755,131072,0.0001,512,32,1,1,472.415
1756,131072,0.0001,512,32,2,0,13.707
1757,131072,0.0001,512,32,2,1,484.743
1758,131072,0.0001,512,64,0,0,7563.39
1759,131072,0.0001,512,64,0,1,2740.8
1760,131072,0.0001,512,64,1,0,18.4175
1761,131072,0.0001,512,64,1,1,631.614
1762,131072,0.0001,512,64,2,0,19.4161
1763,131072,0.0001,512,64,2,1,611.972
1764,131072,0.0001,1024,1,0,0,DNF
1765,131072,0.0001,1024,1,0,1,239048.0
1766,131072,0.0001,1024,1,1,0,429.887
1767,131072,0.0001,1024,1,1,1,3327.7
1768,131072,0.0001,1024,1,2,0,379.463
1769,131072,0.0001,1024,1,2,1,3319.56
1770,131072,0.0001,1024,2,0,0,DNF
1771,131072,0.0001,1024,2,0,1,120544.0
1772,131072,0.0001,1024,2,1,0,257.842
1773,131072,0.0001,1024,2,1,1,2915.63
1774,131072,0.0001,1024,2,2,0,210.783
1775,131072,0.0001,1024,2,2,1,2878.01
1776,131072,0.0001,1024,4,0,0,183253.0
1777,131072,0.0001,1024,4,0,1,60992.9
1778,131072,0.0001,1024,4,1,0,150.467
1779,131072,0.0001,1024,4,1,1,1718.03
1780,131072,0.0001,1024,4,2,0,127.232
1781,131072,0.0001,1024,4,2,1,1746.07
1782,131072,0.0001,1024,8,0,0,99653.7
1783,131072,0.0001,1024,8,0,1,33453.5
1784,131072,0.0001,1024,8,1,0,81.0085
1785,131072,0.0001,1024,8,1,1,1026.93
1786,131072,0.0001,1024,8,2,0,65.9994
1787,131072,0.0001,1024,8,2,1,971.117
1788,131072,0.0001,1024,16,0,0,56577.7
1789,131072,0.0001,1024,16,0,1,19160.3
1790,131072,0.0001,1024,16,1,0,43.368
1791,131072,0.0001,1024,16,1,1,588.316
1792,131072,0.0001,1024,16,2,0,35.6818
1793,131072,0.0001,1024,16,2,1,594.839
1794,131072,0.0001,1024,32,0,0,31881.5
1795,131072,0.0001,1024,32,0,1,12031.1
1796,131072,0.0001,1024,32,1,0,34.7302
1797,131072,0.0001,1024,32,1,1,492.743
1798,131072,0.0001,1024,32,2,0,29.8448
1799,131072,0.0001,1024,32,2,1,482.031
1800,131072,0.0001,1024,64,0,0,29870.3
1801,131072,0.0001,1024,64,0,1,10173.7
1802,131072,0.0001,1024,64,1,0,42.4982
1803,131072,0.0001,1024,64,1,1,678.049
1804,131072,0.0001,1024,64,2,0,37.2736
1805,131072,0.0001,1024,64,2,1,665.891
1806,131072,0.0001,2048,1,0,0,DNF
1807,131072,0.0001,2048,1,0,1,DNF
1808,131072,0.0001,2048,1,1,0,2116.01
1809,131072,0.0001,2048,1,1,1,4031.21
1810,131072,0.0001,2048,1,2,0,1565.58
1811,131072,0.0001,2048,1,2,1,3839.32
1812,131072,0.0001,2048,2,0,0,DNF
1813,131072,0.0001,2048,2,0,1,DNF
1814,131072,0.0001,2048,2,1,0,1315.26
1815,131072,0.0001,2048,2,1,1,3345.27
1816,131072,0.0001,2048,2,2,0,1158.6
1817,131072,0.0001,2048,2,2,1,3144.8
1818,131072,0.0001,2048,4,0,0,DNF
1819,131072,0.0001,2048,4,0,1,238174.0
1820,131072,0.0001,2048,4,1,0,636.486
1821,131072,0.0001,2048,4,1,1,2013.93
1822,131072,0.0001,2048,4,2,0,570.993
1823,131072,0.0001,2048,4,2,1,1874.13
1824,131072,0.0001,2048,8,0,0,DNF
1825,131072,0.0001,2048,8,0,1,130671.0
1826,131072,0.0001,2048,8,1,0,322.867
1827,131072,0.0001,2048,8,1,1,1018.03
1828,131072,0.0001,2048,8,2,0,266.128
1829,131072,0.0001,2048,8,2,1,1048.36
1830,131072,0.0001,2048,16,0,0,225911.0
1831,131072,0.0001,2048,16,0,1,74480.0
1832,131072,0.0001,2048,16,1,0,177.547
1833,131072,0.0001,2048,16,1,1,624.196
1834,131072,0.0001,2048,16,2,0,150.82
1835,131072,0.0001,2048,16,2,1,609.069
1836,131072,0.0001,2048,32,0,0,121522.0
1837,131072,0.0001,2048,32,0,1,42228.7
1838,131072,0.0001,2048,32,1,0,143.264
1839,131072,0.0001,2048,32,1,1,520.676
1840,131072,0.0001,2048,32,2,0,110.525
1841,131072,0.0001,2048,32,2,1,509.115
1842,131072,0.0001,2048,64,0,0,119346.0
1843,131072,0.0001,2048,64,0,1,39561.3
1844,131072,0.0001,2048,64,1,0,132.313
1845,131072,0.0001,2048,64,1,1,739.896
1846,131072,0.0001,2048,64,2,0,115.109
1847,131072,0.0001,2048,64,2,1,719.467
1848,131072,0.01,256,1,0,0,46330.1
1849,131072,0.01,256,1,0,1,6529.28
1850,131072,0.01,256,1,1,0,1352.15
1851,131072,0.01,256,1,1,1,1368.64
1852,131072,0.01,256,1,2,0,754.965
1853,131072,0.01,256,1,2,1,1280.59
1854,131072,0.01,256,2,0,0,23314.4
1855,131072,0.01,256,2,0,1,3708.59
1856,131072,0.01,256,2,1,0,727.108
1857,131072,0.01,256,2,1,1,1232.06
1858,131072,0.01,256,2,2,0,479.336
1859,131072,0.01,256,2,2,1,1076.33
1860,131072,0.01,256,4,0,0,11874.9
1861,131072,0.01,256,4,0,1,2003.58
1862,131072,0.01,256,4,1,0,393.746
1863,131072,0.01,256,4,1,1,650.137
1864,131072,0.01,256,4,2,0,230.763
1865,131072,0.01,256,4,2,1,643.516
1866,131072,0.01,256,8,0,0,6544.31
1867,131072,0.01,256,8,0,1,1139.75
1868,131072,0.01,256,8,1,0,224.334
1869,131072,0.01,256,8,1,1,381.366
1870,131072,0.01,256,8,2,0,143.937
1871,131072,0.01,256,8,2,1,367.696
1872,131072,0.01,256,16,0,0,3707.9
1873,131072,0.01,256,16,0,1,640.048
1874,131072,0.01,256,16,1,0,111.575
1875,131072,0.01,256,16,1,1,227.621
1876,131072,0.01,256,16,2,0,70.195
1877,131072,0.01,256,16,2,1,224.164
1878,131072,0.01,256,32,0,0,3380.42
1879,131072,0.01,256,32,0,1,564.789
1880,131072,0.01,256,32,1,0,101.802
1881,131072,0.01,256,32,1,1,213.223
1882,131072,0.01,256,32,2,0,56.7399
1883,131072,0.01,256,32,2,1,199.479
1884,131072,0.01,256,64,0,0,1948.9
1885,131072,0.01,256,64,0,1,381.494
1886,131072,0.01,256,64,1,0,88.9482
1887,131072,0.01,256,64,1,1,298.497
1888,131072,0.01,256,64,2,0,43.1572
1889,131072,0.01,256,64,2,1,261.35
1890,131072,0.01,512,1,0,0,183737.0
1891,131072,0.01,512,1,0,1,21702.8
1892,131072,0.01,512,1,1,0,5080.47
1893,131072,0.01,512,1,1,1,1789.03
1894,131072,0.01,512,1,2,0,2269.88
1895,131072,0.01,512,1,2,1,1378.9
1896,131072,0.01,512,2,0,0,92426.9
1897,131072,0.01,512,2,0,1,11350.0
1898,131072,0.01,512,2,1,0,2687.3
1899,131072,0.01,512,2,1,1,1337.48
1900,131072,0.01,512,2,2,0,1403.77
1901,131072,0.01,512,2,2,1,1158.07
1902,131072,0.01,512,4,0,0,46730.6
1903,131072,0.01,512,4,0,1,5869.51
1904,131072,0.01,512,4,1,0,1453.0
1905,131072,0.01,512,4,1,1,810.139
1906,131072,0.01,512,4,2,0,747.922
1907,131072,0.01,512,4,2,1,671.792
1908,131072,0.01,512,8,0,0,25455.9
1909,131072,0.01,512,8,0,1,3354.26
1910,131072,0.01,512,8,1,0,797.466
1911,131072,0.01,512,8,1,1,427.429
1912,131072,0.01,512,8,2,0,406.22
1913,131072,0.01,512,8,2,1,413.726
1914,131072,0.01,512,16,0,0,14481.8
1915,131072,0.01,512,16,0,1,1961.05
1916,131072,0.01,512,16,1,0,413.491
1917,131072,0.01,512,16,1,1,248.718
1918,131072,0.01,512,16,2,0,212.229
1919,131072,0.01,512,16,2,1,242.558
1920,131072,0.01,512,32,0,0,9948.71
1921,131072,0.01,512,32,0,1,1845.5
1922,131072,0.01,512,32,1,0,376.005
1923,131072,0.01,512,32,1,1,214.695
1924,131072,0.01,512,32,2,0,161.488
1925,131072,0.01,512,32,2,1,197.319
1926,131072,0.01,512,64,0,0,7587.2
1927,131072,0.01,512,64,0,1,1021.18
1928,131072,0.01,512,64,1,0,248.576
1929,131072,0.01,512,64,1,1,286.947
1930,131072,0.01,512,64,2,0,110.673
1931,131072,0.01,512,64,2,1,283.037
1932,131072,0.01,1024,1,0,0,DNF
1933,131072,0.01,1024,1,0,1,85004.6
1934,131072,0.01,1024,1,1,0,31222.1
1935,131072,0.01,1024,1,1,1,4994.02
1936,131072,0.01,1024,1,2,0,10789.1
1937,131072,0.01,1024,1,2,1,2429.69
1938,131072,0.01,1024,2,0,0,DNF
1939,131072,0.01,1024,2,0,1,43247.3
1940,131072,0.01,1024,2,1,0,16931.2
1941,131072,0.01,1024,2,1,1,3091.9
1942,131072,0.01,1024,2,2,0,6033.32
1943,131072,0.01,1024,2,2,1,1840.69
1944,131072,0.01,1024,4,0,0,191893.0
1945,131072,0.01,1024,4,0,1,23374.5
1946,131072,0.01,1024,4,1,0,8744.55
1947,131072,0.01,1024,4,1,1,1627.35
1948,131072,0.01,1024,4,2,0,3147.28
1949,131072,0.01,1024,4,2,1,986.504
1950,131072,0.01,1024,8,0,0,103572.0
1951,131072,0.01,1024,8,0,1,12270.3
1952,131072,0.01,1024,8,1,0,4513.72
1953,131072,0.01,1024,8,1,1,898.17
1954,131072,0.01,1024,8,2,0,1719.82
1955,131072,0.01,1024,8,2,1,568.438
1956,131072,0.01,1024,16,0,0,58267.9
1957,131072,0.01,1024,16,0,1,7146.31
1958,131072,0.01,1024,16,1,0,2327.67
1959,131072,0.01,1024,16,1,1,551.233
1960,131072,0.01,1024,16,2,0,978.287
1961,131072,0.01,1024,16,2,1,324.031
1962,131072,0.01,1024,32,0,0,33007.9
1963,131072,0.01,1024,32,0,1,5914.94
1964,131072,0.01,1024,32,1,0,1966.21
1965,131072,0.01,1024,32,1,1,417.683
1966,131072,0.01,1024,32,2,0,803.045
1967,131072,0.01,1024,32,2,1,285.619
1968,131072,0.01,1024,64,0,0,30461.5
1969,131072,0.01,1024,64,0,1,3710.51
1970,131072,0.01,1024,64,1,0,1262.82
1971,131072,0.01,1024,64,1,1,385.285
1972,131072,0.01,1024,64,2,0,790.955
1973,131072,0.01,1024,64,2,1,353.211
1974,131072,0.01,2048,1,0,0,DNF
1975,131072,0.01,2048,1,0,1,DNF
1976,131072,0.01,2048,1,1,0,188299.0
1977,131072,0.01,2048,1,1,1,23878.4
1978,131072,0.01,2048,1,2,0,42997.0
1979,131072,0.01,2048,1,2,1,6319.21
1980,131072,0.01,2048,2,0,0,DNF
1981,131072,0.01,2048,2,0,1,174428.0
1982,131072,0.01,2048,2,1,0,106697.0
1983,131072,0.01,2048,2,1,1,14222.8
1984,131072,0.01,2048,2,2,0,24899.9
1985,131072,0.01,2048,2,2,1,4656.81
1986,131072,0.01,2048,4,0,0,DNF
1987,131072,0.01,2048,4,0,1,89633.2
1988,131072,0.01,2048,4,1,0,54324.5
1989,131072,0.01,2048,4,1,1,7269.32
1990,131072,0.01,2048,4,2,0,13228.8
1991,131072,0.01,2048,4,2,1,2461.55
1992,131072,0.01,2048,8,0,0,DNF
1993,131072,0.01,2048,8,0,1,48500.3
1994,131072,0.01,2048,8,1,0,28167.6
1995,131072,0.01,2048,8,1,1,4101.11
1996,131072,0.01,2048,8,2,0,8215.83
1997,131072,0.01,2048,8,2,1,1519.28
1998,131072,0.01,2048,16,0,0,237470.0
1999,131072,0.01,2048,16,0,1,28376.2
2000,131072,0.01,2048,16,1,0,15014.5
2001,131072,0.01,2048,16,1,1,2005.14
2002,131072,0.01,2048,16,2,0,7077.86
2003,131072,0.01,2048,16,2,1,980.73
2004,131072,0.01,2048,32,0,0,127315.0
2005,131072,0.01,2048,32,0,1,18134.6
2006,131072,0.01,2048,32,1,0,9504.85
2007,131072,0.01,2048,32,1,1,1578.98
2008,131072,0.01,2048,32,2,0,5741.53
2009,131072,0.01,2048,32,2,1,900.53
2010,131072,0.01,2048,64,0,0,122474.0
2011,131072,0.01,2048,64,0,1,14815.6
2012,131072,0.01,2048,64,1,0,7089.13
2013,131072,0.01,2048,64,1,1,1243.84
2014,131072,0.01,2048,64,2,0,6054.65
2015,131072,0.01,2048,64,2,1,1021.5
2016,1048576,1e-06,256,1,0,0,DNF
2017,1048576,1e-06,256,1,0,1,DNF
2018,1048576,1e-06,256,1,1,0,43.0743
2019,1048576,1e-06,256,1,1,1,69253.2
2020,1048576,1e-06,256,1,2,0,37.2028
2021,1048576,1e-06,256,1,2,1,71238.7
2022,1048576,1e-06,256,2,0,0,182162.0
2023,1048576,1e-06,256,2,0,1,224674.0
2024,1048576,1e-06,256,2,1,0,41.0209
2025,1048576,1e-06,256,2,1,1,61820.8
2026,1048576,1e-06,256,2,2,0,36.5983
2027,1048576,1e-06,256,2,2,1,61744.4
2028,1048576,1e-06,256,4,0,0,92151.9
2029,1048576,1e-06,256,4,0,1,115181.0
2030,1048576,1e-06,256,4,1,0,24.2938
2031,1048576,1e-06,256,4,1,1,35928.4
2032,1048576,1e-06,256,4,2,0,21.9428
2033,1048576,1e-06,256,4,2,1,35683.7
2034,1048576,1e-06,256,8,0,0,50272.5
2035,1048576,1e-06,256,8,0,1,63874.1
2036,1048576,1e-06,256,8,1,0,15.4372
2037,1048576,1e-06,256,8,1,1,23608.5
2038,1048576,1e-06,256,8,2,0,14.4429
2039,1048576,1e-06,256,8,2,1,23911.5
2040,1048576,1e-06,256,16,0,0,28561.8
2041,1048576,1e-06,256,16,0,1,37146.8
2042,1048576,1e-06,256,16,1,0,8.60215
2043,1048576,1e-06,256,16,1,1,16850.2
2044,1048576,1e-06,256,16,2,0,7.61442
2045,1048576,1e-06,256,16,2,1,16779.7
2046,1048576,1e-06,256,32,0,0,17470.0
2047,1048576,1e-06,256,32,0,1,23712.7
2048,1048576,1e-06,256,32,1,0,8.04858
2049,1048576,1e-06,256,32,1,1,13007.1
2050,1048576,1e-06,256,32,2,0,6.24158
2051,1048576,1e-06,256,32,2,1,13272.7
2052,1048576,1e-06,256,64,0,0,14974.3
2053,1048576,1e-06,256,64,0,1,20676.2
2054,1048576,1e-06,256,64,1,0,15.9681
2055,1048576,1e-06,256,64,1,1,11901.7
2056,1048576,1e-06,256,64,2,0,11.8218
2057,1048576,1e-06,256,64,2,1,12303.6
2058,1048576,1e-06,512,1,0,0,DNF
2059,1048576,1e-06,512,1,0,1,DNF
2060,1048576,1e-06,512,1,1,0,66.4609
2061,1048576,1e-06,512,1,1,1,67583.5
2062,1048576,1e-06,512,1,2,0,56.8218
2063,1048576,1e-06,512,1,2,1,65817.1
2064,1048576,1e-06,512,2,0,0,DNF
2065,1048576,1e-06,512,2,0,1,DNF
2066,1048576,1e-06,512,2,1,0,56.1282
2067,1048576,1e-06,512,2,1,1,54368.0
2068,1048576,1e-06,512,2,2,0,51.1074
2069,1048576,1e-06,512,2,2,1,54718.4
2070,1048576,1e-06,512,4,0,0,DNF
2071,1048576,1e-06,512,4,0,1,DNF
2072,1048576,1e-06,512,4,1,0,32.9348
2073,1048576,1e-06,512,4,1,1,30654.7
2074,1048576,1e-06,512,4,2,0,29.7237
2075,1048576,1e-06,512,4,2,1,31235.8
2076,1048576,1e-06,512,8,0,0,199585.0
2077,1048576,1e-06,512,8,0,1,181907.0
2078,1048576,1e-06,512,8,1,0,19.1027
2079,1048576,1e-06,512,8,1,1,20780.4
2080,1048576,1e-06,512,8,2,0,17.2046
2081,1048576,1e-06,512,8,2,1,21201.0
2082,1048576,1e-06,512,16,0,0,113196.0
2083,1048576,1e-06,512,16,0,1,103356.0
2084,1048576,1e-06,512,16,1,0,12.4898
2085,1048576,1e-06,512,16,1,1,14934.7
2086,1048576,1e-06,512,16,2,0,10.5713
2087,1048576,1e-06,512,16,2,1,15283.0
2088,1048576,1e-06,512,32,0,0,61740.6
2089,1048576,1e-06,512,32,0,1,56809.7
2090,1048576,1e-06,512,32,1,0,11.3853
2091,1048576,1e-06,512,32,1,1,11257.7
2092,1048576,1e-06,512,32,2,0,8.55353
2093,1048576,1e-06,512,32,2,1,11290.4
2094,1048576,1e-06,512,64,0,0,59820.2
2095,1048576,1e-06,512,64,0,1,53103.0
2096,1048576,1e-06,512,64,1,0,19.1134
2097,1048576,1e-06,512,64,1,1,11205.5
2098,1048576,1e-06,512,64,2,0,9.15302
2099,1048576,1e-06,512,64,2,1,11026.3
2100,1048576,1e-06,1024,1,0,0,DNF
2101,1048576,1e-06,1024,1,0,1,DNF
2102,1048576,1e-06,1024,1,1,0,145.898
2103,1048576,1e-06,1024,1,1,1,61624.0
2104,1048576,1e-06,1024,1,2,0,131.919
2105,1048576,1e-06,1024,1,2,1,60838.0
2106,1048576,1e-06,1024,2,0,0,DNF
2107,1048576,1e-06,1024,2,0,1,DNF
2108,1048576,1e-06,1024,2,1,0,109.423
2109,1048576,1e-06,1024,2,1,1,52657.7
2110,1048576,1e-06,1024,2,2,0,104.986
2111,1048576,1e-06,1024,2,2,1,52621.1
2112,1048576,1e-06,1024,4,0,0,DNF
2113,1048576,1e-06,1024,4,0,1,DNF
2114,1048576,1e-06,1024,4,1,0,59.6817
2115,1048576,1e-06,1024,4,1,1,29453.7
2116,1048576,1e-06,1024,4,2,0,55.7214
2117,1048576,1e-06,1024,4,2,1,30453.7
2118,1048576,1e-06,1024,8,0,0,DNF
2119,1048576,1e-06,1024,8,0,1,DNF
2120,1048576,1e-06,1024,8,1,0,32.2092
2121,1048576,1e-06,1024,8,1,1,20195.2
2122,1048576,1e-06,1024,8,2,0,31.1025
2123,1048576,1e-06,1024,8,2,1,20102.1
2124,1048576,1e-06,1024,16,0,0,DNF
2125,1048576,1e-06,1024,16,0,1,DNF
2126,1048576,1e-06,1024,16,1,0,19.0162
2127,1048576,1e-06,1024,16,1,1,14064.9
2128,1048576,1e-06,1024,16,2,0,18.6036
2129,1048576,1e-06,1024,16,2,1,14330.5
2130,1048576,1e-06,1024,32,0,0,238833.0
2131,1048576,1e-06,1024,32,0,1,196594.0
2132,1048576,1e-06,1024,32,1,0,15.6839
2133,1048576,1e-06,1024,32,1,1,10760.7
2134,1048576,1e-06,1024,32,2,0,16.6554
2135,1048576,1e-06,1024,32,2,1,10948.2
2136,1048576,1e-06,1024,64,0,0,238821.0
2137,1048576,1e-06,1024,64,0,1,193279.0
2138,1048576,1e-06,1024,64,1,0,22.0252
2139,1048576,1e-06,1024,64,1,1,11000.3
2140,1048576,1e-06,1024,64,2,0,19.7619
2141,1048576,1e-06,1024,64,2,1,10835.7
2142,1048576,1e-06,2048,1,0,0,DNF
2143,1048576,1e-06,2048,1,0,1,DNF
2144,1048576,1e-06,2048,1,1,0,469.664
2145,1048576,1e-06,2048,1,1,1,62782.0
2146,1048576,1e-06,2048,1,2,0,446.124
2147,1048576,1e-06,2048,1,2,1,62089.8
2148,1048576,1e-06,2048,2,0,0,DNF
2149,1048576,1e-06,2048,2,0,1,DNF
2150,1048576,1e-06,2048,2,1,0,281.824
2151,1048576,1e-06,2048,2,1,1,53069.5
2152,1048576,1e-06,2048,2,2,0,254.806
2153,1048576,1e-06,2048,2,2,1,52930.9
2154,1048576,1e-06,2048,4,0,0,DNF
2155,1048576,1e-06,2048,4,0,1,DNF
2156,1048576,1e-06,2048,4,1,0,149.828
2157,1048576,1e-06,2048,4,1,1,30001.7
2158,1048576,1e-06,2048,4,2,0,154.531
2159,1048576,1e-06,2048,4,2,1,30613.8
2160,1048576,1e-06,2048,8,0,0,DNF
2161,1048576,1e-06,2048,8,0,1,DNF
2162,1048576,1e-06,2048,8,1,0,82.66
2163,1048576,1e-06,2048,8,1,1,19775.5
2164,1048576,1e-06,2048,8,2,0,80.9064
2165,1048576,1e-06,2048,8,2,1,19753.9
2166,1048576,1e-06,2048,16,0,0,DNF
2167,1048576,1e-06,2048,16,0,1,DNF
2168,1048576,1e-06,2048,16,1,0,44.2542
2169,1048576,1e-06,2048,16,1,1,14196.3
2170,1048576,1e-06,2048,16,2,0,43.262
2171,1048576,1e-06,2048,16,2,1,13838.6
2172,1048576,1e-06,2048,32,0,0,DNF
2173,1048576,1e-06,2048,32,0,1,DNF
2174,1048576,1e-06,2048,32,1,0,31.2466
2175,1048576,1e-06,2048,32,1,1,10467.2
2176,1048576,1e-06,2048,32,2,0,27.9968
2177,1048576,1e-06,2048,32,2,1,10568.4
2178,1048576,1e-06,2048,64,0,0,DNF
2179,1048576,1e-06,2048,64,0,1,DNF
2180,1048576,1e-06,2048,64,1,0,23.8278
2181,1048576,1e-06,2048,64,1,1,11103.2
2182,1048576,1e-06,2048,64,2,0,32.439
2183,1048576,1e-06,2048,64,2,1,11175.1
2184,1048576,0.0001,256,1,0,0,DNF
2185,1048576,0.0001,256,1,0,1,53867.0
2186,1048576,0.0001,256,1,1,0,262.513
2187,1048576,0.0001,256,1,1,1,9369.4
2188,1048576,0.0001,256,1,2,0,235.385
2189,1048576,0.0001,256,1,2,1,9267.76
2190,1048576,0.0001,256,2,0,0,182661.0
2191,1048576,0.0001,256,2,0,1,29391.9
2192,1048576,0.0001,256,2,1,0,188.564
2193,1048576,0.0001,256,2,1,1,8155.97
2194,1048576,0.0001,256,2,2,0,174.049
2195,1048576,0.0001,256,2,2,1,8495.22
2196,1048576,0.0001,256,4,0,0,92218.2
2197,1048576,0.0001,256,4,0,1,15137.0
2198,1048576,0.0001,256,4,1,0,109.787
2199,1048576,0.0001,256,4,1,1,4813.73
2200,1048576,0.0001,256,4,2,0,101.723
2201,1048576,0.0001,256,4,2,1,4828.5
2202,1048576,0.0001,256,8,0,0,50290.3
2203,1048576,0.0001,256,8,0,1,8461.64
2204,1048576,0.0001,256,8,1,0,60.5225
2205,1048576,0.0001,256,8,1,1,2986.68
2206,1048576,0.0001,256,8,2,0,54.3183
2207,1048576,0.0001,256,8,2,1,3012.68
2208,1048576,0.0001,256,16,0,0,28653.7
2209,1048576,0.0001,256,16,0,1,4898.64
2210,1048576,0.0001,256,16,1,0,33.7941
2211,1048576,0.0001,256,16,1,1,1910.17
2212,1048576,0.0001,256,16,2,0,31.4735
2213,1048576,0.0001,256,16,2,1,1917.43
2214,1048576,0.0001,256,32,0,0,17603.4
2215,1048576,0.0001,256,32,0,1,4008.48
2216,1048576,0.0001,256,32,1,0,26.7954
2217,1048576,0.0001,256,32,1,1,1413.06
2218,1048576,0.0001,256,32,2,0,26.5093
2219,1048576,0.0001,256,32,2,1,1406.51
2220,1048576,0.0001,256,64,0,0,14948.4
2221,1048576,0.0001,256,64,0,1,2748.25
2222,1048576,0.0001,256,64,1,0,22.5765
2223,1048576,0.0001,256,64,1,1,1785.97
2224,1048576,0.0001,256,64,2,0,30.0359
2225,1048576,0.0001,256,64,2,1,1775.84
2226,1048576,0.0001,512,1,0,0,DNF
2227,1048576,0.0001,512,1,0,1,172807.0
2228,1048576,0.0001,512,1,1,0,759.08
2229,1048576,0.0001,512,1,1,1,9160.96
2230,1048576,0.0001,512,1,2,0,644.989
2231,1048576,0.0001,512,1,2,1,8978.31
2232,1048576,0.0001,512,2,0,0,DNF
2233,1048576,0.0001,512,2,0,1,88243.6
2234,1048576,0.0001,512,2,1,0,513.606
2235,1048576,0.0001,512,2,1,1,7806.05
2236,1048576,0.0001,512,2,2,0,399.101
2237,1048576,0.0001,512,2,2,1,7671.69
2238,1048576,0.0001,512,4,0,0,DNF
2239,1048576,0.0001,512,4,0,1,44659.5
2240,1048576,0.0001,512,4,1,0,248.604
2241,1048576,0.0001,512,4,1,1,4671.52
2242,1048576,0.0001,512,4,2,0,219.509
2243,1048576,0.0001,512,4,2,1,4577.03
2244,1048576,0.0001,512,8,0,0,199561.0
2245,1048576,0.0001,512,8,0,1,24430.9
2246,1048576,0.0001,512,8,1,0,147.245
2247,1048576,0.0001,512,8,1,1,2750.76
2248,1048576,0.0001,512,8,2,0,126.515
2249,1048576,0.0001,512,8,2,1,2791.52
2250,1048576,0.0001,512,16,0,0,113001.0
2251,1048576,0.0001,512,16,0,1,13894.9
2252,1048576,0.0001,512,16,1,0,79.1341
2253,1048576,0.0001,512,16,1,1,1729.76
2254,1048576,0.0001,512,16,2,0,67.7479
2255,1048576,0.0001,512,16,2,1,1730.92
2256,1048576,0.0001,512,32,0,0,62050.8
2257,1048576,0.0001,512,32,0,1,9242.44
2258,1048576,0.0001,512,32,1,0,64.8226
2259,1048576,0.0001,512,32,1,1,1295.92
2260,1048576,0.0001,512,32,2,0,51.0743
2261,1048576,0.0001,512,32,2,1,1274.07
2262,1048576,0.0001,512,64,0,0,59859.0
2263,1048576,0.0001,512,64,0,1,7250.96
2264,1048576,0.0001,512,64,1,0,57.2355
2265,1048576,0.0001,512,64,1,1,1739.09
2266,1048576,0.0001,512,64,2,0,52.2276
2267,1048576,0.0001,512,64,2,1,1759.69
2268,1048576,0.0001,1024,1,0,0,DNF
2269,1048576,0.0001,1024,1,0,1,DNF
2270,1048576,0.0001,1024,1,1,0,3162.94
2271,1048576,0.0001,1024,1,1,1,9217.62
2272,1048576,0.0001,1024,1,2,0,2521.94
2273,1048576,0.0001,1024,1,2,1,9162.05
2274,1048576,0.0001,1024,2,0,0,DNF
2275,1048576,0.0001,1024,2,0,1,DNF
2276,1048576,0.0001,1024,2,1,0,1857.51
2277,1048576,0.0001,1024,2,1,1,8038.11
2278,1048576,0.0001,1024,2,2,0,1568.34
2279,1048576,0.0001,1024,2,2,1,7916.49
2280,1048576,0.0001,1024,4,0,0,DNF
2281,1048576,0.0001,1024,4,0,1,166236.0
2282,1048576,0.0001,1024,4,1,0,929.186
2283,1048576,0.0001,1024,4,1,1,4663.35
2284,1048576,0.0001,1024,4,2,0,765.063
2285,1048576,0.0001,1024,4,2,1,4550.97
2286,1048576,0.0001,1024,8,0,0,DNF
2287,1048576,0.0001,1024,8,0,1,90726.2
2288,1048576,0.0001,1024,8,1,0,518.168
2289,1048576,0.0001,1024,8,1,1,2787.14
2290,1048576,0.0001,1024,8,2,0,455.277
2291,1048576,0.0001,1024,8,2,1,2803.11
2292,1048576,0.0001,1024,16,0,0,DNF
2293,1048576,0.0001,1024,16,0,1,51612.0
2294,1048576,0.0001,1024,16,1,0,265.653
2295,1048576,0.0001,1024,16,1,1,1805.02
2296,1048576,0.0001,1024,16,2,0,226.327
2297,1048576,0.0001,1024,16,2,1,1720.04
2298,1048576,0.0001,1024,32,0,0,238950.0
2299,1048576,0.0001,1024,32,0,1,28930.3
2300,1048576,0.0001,1024,32,1,0,211.428
2301,1048576,0.0001,1024,32,1,1,1640.91
2302,1048576,0.0001,1024,32,2,0,160.188
2303,1048576,0.0001,1024,32,2,1,1399.15
2304,1048576,0.0001,1024,64,0,0,239138.0
2305,1048576,0.0001,1024,64,0,1,27401.3
2306,1048576,0.0001,1024,64,1,0,167.834
2307,1048576,0.0001,1024,64,1,1,1922.86
2308,1048576,0.0001,1024,64,2,0,107.251
2309,1048576,0.0001,1024,64,2,1,1941.8
2310,1048576,0.0001,2048,1,0,0,DNF
2311,1048576,0.0001,2048,1,0,1,DNF
2312,1048576,0.0001,2048,1,1,0,15899.6
2313,1048576,0.0001,2048,1,1,1,10457.0
2314,1048576,0.0001,2048,1,2,0,11790.3
2315,1048576,0.0001,2048,1,2,1,9963.58
2316,1048576,0.0001,2048,2,0,0,DNF
2317,1048576,0.0001,2048,2,0,1,DNF
2318,1048576,0.0001,2048,2,1,0,9552.02
2319,1048576,0.0001,2048,2,1,1,8617.55
2320,1048576,0.0001,2048,2,2,0,7418.09
2321,1048576,0.0001,2048,2,2,1,8619.27
2322,1048576,0.0001,2048,4,0,0,DNF
2323,1048576,0.0001,2048,4,0,1,DNF
2324,1048576,0.0001,2048,4,1,0,4851.12
2325,1048576,0.0001,2048,4,1,1,5050.99
2326,1048576,0.0001,2048,4,2,0,4511.14
2327,1048576,0.0001,2048,4,2,1,4864.75
2328,1048576,0.0001,2048,8,0,0,DNF
2329,1048576,0.0001,2048,8,0,1,DNF
2330,1048576,0.0001,2048,8,1,0,2526.59
2331,1048576,0.0001,2048,8,1,1,3022.18
2332,1048576,0.0001,2048,8,2,0,2378.72
2333,1048576,0.0001,2048,8,2,1,2967.0
2334,1048576,0.0001,2048,16,0,0,DNF
2335,1048576,0.0001,2048,16,0,1,202371.0
2336,1048576,0.0001,2048,16,1,0,1334.13
2337,1048576,0.0001,2048,16,1,1,1802.92
2338,1048576,0.0001,2048,16,2,0,1095.26
2339,1048576,0.0001,2048,16,2,1,1753.23
2340,1048576,0.0001,2048,32,0,0,DNF
2341,1048576,0.0001,2048,32,0,1,110339.0
2342,1048576,0.0001,2048,32,1,0,990.451
2343,1048576,0.0001,2048,32,1,1,1407.49
2344,1048576,0.0001,2048,32,2,0,730.064
2345,1048576,0.0001,2048,32,2,1,1397.87
2346,1048576,0.0001,2048,64,0,0,DNF
2347,1048576,0.0001,2048,64,0,1,107803.0
2348,1048576,0.0001,2048,64,1,0,658.903
2349,1048576,0.0001,2048,64,1,1,2047.23
2350,1048576,0.0001,2048,64,2,0,673.305
2351,1048576,0.0001,2048,64,2,1,2029.03
2352,1048576,0.01,256,1,0,0,DNF
2353,1048576,0.01,256,1,0,1,20715.3
2354,1048576,0.01,256,1,1,0,10632.9
2355,1048576,0.01,256,1,1,1,4199.96
2356,1048576,0.01,256,1,2,0,5902.34
2357,1048576,0.01,256,1,2,1,4023.84
2358,1048576,0.01,256,2,0,0,185845.0
2359,1048576,0.01,256,2,0,1,11552.4
2360,1048576,0.01,256,2,1,0,5436.06
2361,1048576,0.01,256,2,1,1,3981.43
2362,1048576,0.01,256,2,2,0,3064.05
2363,1048576,0.01,256,2,2,1,3652.81
2364,1048576,0.01,256,4,0,0,94156.5
2365,1048576,0.01,256,4,0,1,6017.65
2366,1048576,0.01,256,4,1,0,2820.95
2367,1048576,0.01,256,4,1,1,2160.99
2368,1048576,0.01,256,4,2,0,1616.05
2369,1048576,0.01,256,4,2,1,2235.97
2370,1048576,0.01,256,8,0,0,51269.7
2371,1048576,0.01,256,8,0,1,3451.53
2372,1048576,0.01,256,8,1,0,1560.54
2373,1048576,0.01,256,8,1,1,1293.55
2374,1048576,0.01,256,8,2,0,948.772
2375,1048576,0.01,256,8,2,1,1260.36
2376,1048576,0.01,256,16,0,0,28977.0
2377,1048576,0.01,256,16,0,1,2008.38
2378,1048576,0.01,256,16,1,0,842.782
2379,1048576,0.01,256,16,1,1,780.105
2380,1048576,0.01,256,16,2,0,504.43
2381,1048576,0.01,256,16,2,1,772.203
2382,1048576,0.01,256,32,0,0,17499.7
2383,1048576,0.01,256,32,0,1,1693.5
2384,1048576,0.01,256,32,1,0,772.719
2385,1048576,0.01,256,32,1,1,732.983
2386,1048576,0.01,256,32,2,0,401.862
2387,1048576,0.01,256,32,2,1,604.92
2388,1048576,0.01,256,64,0,0,15171.7
2389,1048576,0.01,256,64,0,1,1156.55
2390,1048576,0.01,256,64,1,0,557.025
2391,1048576,0.01,256,64,1,1,923.565
2392,1048576,0.01,256,64,2,0,321.091
2393,1048576,0.01,256,64,2,1,903.658
2394,1048576,0.01,512,1,0,0,DNF
2395,1048576,0.01,512,1,0,1,70942.5
2396,1048576,0.01,512,1,1,0,40481.2
2397,1048576,0.01,512,1,1,1,5538.11
2398,1048576,0.01,512,1,2,0,17957.7
2399,1048576,0.01,512,1,2,1,4565.36
2400,1048576,0.01,512,2,0,0,DNF
2401,1048576,0.01,512,2,0,1,36699.2
2402,1048576,0.01,512,2,1,0,20950.5
2403,1048576,0.01,512,2,1,1,4299.3
2404,1048576,0.01,512,2,2,0,9463.16
2405,1048576,0.01,512,2,2,1,3831.5
2406,1048576,0.01,512,4,0,0,DNF
2407,1048576,0.01,512,4,0,1,18724.4
2408,1048576,0.01,512,4,1,0,10737.4
2409,1048576,0.01,512,4,1,1,2488.25
2410,1048576,0.01,512,4,2,0,4903.13
2411,1048576,0.01,512,4,2,1,2243.72
2412,1048576,0.01,512,8,0,0,202837.0
2413,1048576,0.01,512,8,0,1,10362.4
2414,1048576,0.01,512,8,1,0,5849.88
2415,1048576,0.01,512,8,1,1,1486.91
2416,1048576,0.01,512,8,2,0,3022.88
2417,1048576,0.01,512,8,2,1,1301.44
2418,1048576,0.01,512,16,0,0,114739.0
2419,1048576,0.01,512,16,0,1,5896.19
2420,1048576,0.01,512,16,1,0,3225.57
2421,1048576,0.01,512,16,1,1,851.73
2422,1048576,0.01,512,16,2,0,1495.93
2423,1048576,0.01,512,16,2,1,798.879
2424,1048576,0.01,512,32,0,0,62021.8
2425,1048576,0.01,512,32,0,1,4981.85
2426,1048576,0.01,512,32,1,0,2788.41
2427,1048576,0.01,512,32,1,1,673.464
2428,1048576,0.01,512,32,2,0,1238.4
2429,1048576,0.01,512,32,2,1,623.358
2430,1048576,0.01,512,64,0,0,60617.9
2431,1048576,0.01,512,64,0,1,3014.54
2432,1048576,0.01,512,64,1,0,1561.17
2433,1048576,0.01,512,64,1,1,941.986
2434,1048576,0.01,512,64,2,0,650.946
2435,1048576,0.01,512,64,2,1,938.684
2436,1048576,0.01,1024,1,0,0,DNF
2437,1048576,0.01,1024,1,0,1,276934.0
2438,1048576,0.01,1024,1,1,0,253914.0
2439,1048576,0.01,1024,1,1,1,14197.2
2440,1048576,0.01,1024,1,2,0,85995.8
2441,1048576,0.01,1024,1,2,1,7522.63
2442,1048576,0.01,1024,2,0,0,DNF
2443,1048576,0.01,1024,2,0,1,139833.0
2444,1048576,0.01,1024,2,1,0,130097.0
2445,1048576,0.01,1024,2,1,1,8578.97
2446,1048576,0.01,1024,2,2,0,45688.8
2447,1048576,0.01,1024,2,2,1,5491.92
2448,1048576,0.01,1024,4,0,0,DNF
2449,1048576,0.01,1024,4,0,1,71527.7
2450,1048576,0.01,1024,4,1,0,66928.3
2451,1048576,0.01,1024,4,1,1,4613.58
2452,1048576,0.01,1024,4,2,0,23560.9
2453,1048576,0.01,1024,4,2,1,2953.34
2454,1048576,0.01,1024,8,0,0,DNF
2455,1048576,0.01,1024,8,0,1,38878.7
2456,1048576,0.01,1024,8,1,0,35013.6
2457,1048576,0.01,1024,8,1,1,2664.33
2458,1048576,0.01,1024,8,2,0,13205.1
2459,1048576,0.01,1024,8,2,1,1758.03
2460,1048576,0.01,1024,16,0,0,DNF
2461,1048576,0.01,1024,16,0,1,22051.7
2462,1048576,0.01,1024,16,1,0,18742.4
2463,1048576,0.01,1024,16,1,1,1457.29
2464,1048576,0.01,1024,16,2,0,7900.2
2465,1048576,0.01,1024,16,2,1,1010.8
2466,1048576,0.01,1024,32,0,0,245989.0
2467,1048576,0.01,1024,32,0,1,13606.2
2468,1048576,0.01,1024,32,1,0,11917.7
2469,1048576,0.01,1024,32,1,1,1153.56
2470,1048576,0.01,1024,32,2,0,5863.84
2471,1048576,0.01,1024,32,2,1,772.098
2472,1048576,0.01,1024,64,0,0,242610.0
2473,1048576,0.01,1024,64,0,1,11655.2
2474,1048576,0.01,1024,64,1,0,8475.18
2475,1048576,0.01,1024,64,1,1,1064.84
2476,1048576,0.01,1024,64,2,0,5734.79
2477,1048576,0.01,1024,64,2,1,1047.87
2478,1048576,0.01,2048,1,0,0,DNF
2479,1048576,0.01,2048,1,0,1,DNF
2480,1048576,0.01,2048,1,1,0,DNF
2481,1048576,0.01,2048,1,1,1,68333.3
2482,1048576,0.01,2048,1,2,0,DNF
2483,1048576,0.01,2048,1,2,1,18883.5
2484,1048576,0.01,2048,2,0,0,DNF
2485,1048576,0.01,2048,2,0,1,DNF
2486,1048576,0.01,2048,2,1,0,DNF
2487,1048576,0.01,2048,2,1,1,39250.7
2488,1048576,0.01,2048,2,2,0,188139.0
2489,1048576,0.01,2048,2,2,1,11308.6
2490,1048576,0.01,2048,4,0,0,DNF
2491,1048576,0.01,2048,4,0,1,286854.0
2492,1048576,0.01,2048,4,1,0,DNF
2493,1048576,0.01,2048,4,1,1,19582.2
2494,1048576,0.01,2048,4,2,0,99212.2
2495,1048576,0.01,2048,4,2,1,6183.8
2496,1048576,0.01,2048,8,0,0,DNF
2497,1048576,0.01,2048,8,0,1,155279.0
2498,1048576,0.01,2048,8,1,0,221709.0
2499,1048576,0.01,2048,8,1,1,10741.7
2500,1048576,0.01,2048,8,2,0,57317.9
2501,1048576,0.01,2048,8,2,1,4004.73
2502,1048576,0.01,2048,16,0,0,DNF
2503,1048576,0.01,2048,16,0,1,87943.9
2504,1048576,0.01,2048,16,1,0,116726.0
2505,1048576,0.01,2048,16,1,1,5767.0
2506,1048576,0.01,2048,16,2,0,46393.2
2507,1048576,0.01,2048,16,2,1,2760.93
2508,1048576,0.01,2048,32,0,0,DNF
2509,1048576,0.01,2048,32,0,1,48629.1
2510,1048576,0.01,2048,32,1,0,63180.3
2511,1048576,0.01,2048,32,1,1,3992.04
2512,1048576,0.01,2048,32,2,0,41855.5
2513,1048576,0.01,2048,32,2,1,2408.17
2514,1048576,0.01,2048,64,0,0,DNF
2515,1048576,0.01,2048,64,0,1,46519.1
2516,1048576,0.01,2048,64,1,0,51903.5
2517,1048576,0.01,2048,64,1,1,3071.82
2518,1048576,0.01,2048,64,2,0,39511.3
2519,1048576,0.01,2048,64,2,1,2635.91
